t,p_x,p_y,p_z,v_x,v_y,v_z,q_w,q_x,q_y,q_z,w_x,w_y,w_z,u_1,u_2,u_3,u_4
0,-5.990683008030672,-2.000369975901275,-2.2036147817453084,-0.010467461746483421,4.036985737437986,-1.8965548144922095,0.8603175242294562,0.002485191929153263,-0.509735233884824,-0.004191975848915186,0.09020064768718641,-0.3080486262190596,-0.1478652929917222,6.899999744602248,6.899984937521587,6.899999564156249,6.899999015239614
0.03267084541650917,-5.991024988855291,-1.8684782389247883,-2.2655768309135156,0.692995252219306,3.9907766967565763,-1.93381989027675,0.857724403131033,0.004962899064879707,-0.5140560494462891,-0.005531359171589075,0.08872238213481042,-0.30847373257179994,-0.1478649910580307,6.899999737002736,6.899966985753933,6.899999506392797,6.899999121710533
0.06534169083301834,-5.9683842480956555,-1.7380961903732497,-2.3287563616121134,1.3925600983117605,3.947342681319594,-1.9646272410210808,0.8550992473638604,0.007419687796646242,-0.5183655560308003,-0.00688300165369093,0.08725461607377753,-0.30887937427812456,-0.14786429787888863,6.899999727138299,6.899895440170688,6.899999430397037,6.899999213688589
0.09801253624952752,-5.92288813239051,-1.6091331678258716,-2.3929423945045705,2.088234826792819,3.90658554427059,-1.9889601594997661,0.8524423386152392,0.009855675779346798,-0.522663289238312,-0.008246882669155128,0.0858345918840776,-0.30922846176439533,-0.1478620497308214,6.899999715064585,6.898355291235874,6.899999329808112,6.899999289579411
0.13068338166603669,-5.854663735170987,-1.4815017154026413,-2.457923404415177,2.7799888115416618,3.8684072597029244,-2.006784793033113,0.8497542751405813,0.012271495645886143,-0.5269482774612697,-0.009622637660984049,0.08548042325155905,-0.3085034084048974,-0.1478263404082841,6.899999700801129,6.893846614185691,6.899999194898505,6.899999350268332
0.16335422708254585,-5.7638391504494875,-1.3551175798127892,-2.523486760172553,3.467750086107506,3.832710500715945,-2.0180516118478713,0.8470442778915347,0.014681798120281723,-0.5312056339506787,-0.011000480417578668,0.0882549962521741,-0.3046519364254764,-0.1476926763653739,6.899999684333803,6.899816066689428,6.899999010414967,6.899999397445487
0.19602507249905501,-5.650544823443176,-1.2298996875176704,-2.5894182124257674,4.1517825370631245,3.799431525140887,-2.0229088486245153,0.844339173338046,0.01712954076998418,-0.5353927429754312,-0.01235111234869404,0.08691250119329728,-0.30495079979404394,-0.1476887079424025,6.8999996655960185,6.89992883751418,6.899998751541557,6.899999432841669
0.22869591791556418,-5.514902577971821,-1.1057690474891781,-2.6555083547108675,4.831888182798044,3.76858688349781,-2.021367139296941,0.8416042570959972,0.019558112772780318,-0.5395662195281916,-0.013713110911458477,0.08549063834595014,-0.3053215471466898,-0.14768719403923966,6.899999644496388,6.899958414388645,6.899998376089035,6.899999457909633
0.26136676333207337,-5.357040706081768,-0.9826461279797305,-2.7215481280488523,5.508066844197848,3.740082460117252,-2.0134161203717342,0.8388390509429222,0.021966402457402976,-0.5437268591967304,-0.015087291560871076,0.08404676630940743,-0.3057062201742298,-0.14768632988065533,6.899999620913963,6.899970358145241,6.899997808252039,6.8999994737196575
0.29403760874858254,-5.177087505671182,-0.8604544720802326,-2.7873281348766312,6.180319381031258,3.7138222001717294,-1.9990455980219999,0.8360435632658308,0.024354087837595,-0.5478746648217331,-0.016473930162535982,0.08259315732581789,-0.30609262255378517,-0.14768573669451363,6.899999594688361,6.899976064081029,6.899996902101521,6.8999994809475105
0.3267084541650917,-4.975171246548855,-0.7391207610740101,-2.8526386445901686,6.848645616661498,3.689709677222531,-1.978246223793394,0.8332179057029502,0.026721017165447516,-0.5520094728211702,-0.017873185888382766,0.0811343501948408,-0.30647661532830894,-0.14768528643648776,6.899999565599465,6.899978811136786,6.899995350800534,6.89999947988391
0.35937929958160086,-4.751420204294456,-0.6185748265776616,-2.9172696211635247,7.5130440037905,3.6676484387062613,-1.951009694054062,0.8303622256479541,0.02906710267821236,-0.5561310635298418,-0.019285174000854364,0.07967284518108163,-0.3068565665520888,-0.1476849289561623,6.899999533332221,6.899979754686081,6.899992429225449,6.899999470442208
0.39205014499811003,-4.505962705039188,-0.4987496513945741,-2.981010757284085,8.173511535778747,3.647542140454057,-1.9173288344883987,0.8274766849921475,0.031392292505010626,-0.5602391955922266,-0.020709985228553333,0.07821085245599602,-0.3072321596354788,-0.1476846549540526,6.899999497418765,6.899979251758779,6.899986120680981,6.899999452156822
0.4247209904146192,-4.238927173143709,-0.3795813659735826,-3.043651511248281,8.830043698831213,3.6292946241631308,-1.8771976327347297,0.8245614483074617,0.033696566428901606,-0.5643336240653495,-0.02214768895416427,0.07675173339796977,-0.3076047337355128,-0.14768450670244346,6.89999945714526,6.899977197845508,6.899969252941158,6.899999424177079
0.45739183583112836,-3.950442180438176,-0.2610092423365679,-3.1049811449236038,9.482634343334974,3.6128099816352877,-1.8306112034672912,0.8216166665738083,0.0359799509662564,-0.5684141232022664,-0.023598323717503297,0.07530388457704991,-0.3079805425312503,-0.14768468003059643,6.899999411401708,6.899973027418793,6.8999027096214025,6.89999938527717
0.4900626812476375,-3.6406364996658005,-0.14297568590732818,-3.164788760569822,10.13127484564695,3.5979926195542404,-1.777565443566358,0.8186424271712335,0.03824258586658847,-0.5724805538138282,-0.025061854857500475,0.07390317047526512,-0.3083925983968768,-0.14768620833053694,6.899999358434253,6.899965550010027,6.899186234865707,6.899999333934064
0.5227335266641467,-3.309639185311503,-0.025426225224120802,-3.2228633263943136,10.775938933319768,3.5847469186364442,-1.7180513667897048,0.8156384805874951,0.040485086492297206,-0.5765332291074847,-0.0265379444415463,0.07300211795033051,-0.30928927360109076,-0.14770314035112997,6.8999992954306135,6.899953165598989,6.255256218559293,6.899999268803049
0.555404372080656,-2.957580150203272,0.09169048721196527,-3.278993517016327,11.3990870708847,3.572320175058462,-1.645893879453863,0.8125999965465384,0.0427140281314148,-0.5805785894917961,-0.028022470311632706,0.5183828785747893,-0.7564508735222784,-0.16170989913714867,6.899999218709068,6.899934829732893,5.856206585074783,6.899999189109712
0.5880752174971652,-2.585162338621065,0.2084012074295816,-3.3327662615239473,12.007464077062187,3.5608453660188384,-1.5637846645359894,0.8048969794660503,0.05077663773732319,-0.5906759726751872,-0.02577752547127996,1.2378349215341982,-1.4825488670453741,-0.1843860567321774,6.8999991241865155,6.899898825042035,6.8997689259843,6.899999086093332
0.6207460629136744,-2.192868335915079,0.32473703593487746,-3.3838564285637087,12.64451938157289,3.56239216129811,-1.4720630826866767,0.7890913724684517,0.06817272161235416,-0.6102309147629255,-0.01747903315743395,1.229133001343367,-1.4900956450378546,-0.18438887976128912,6.899999004709721,6.899728323620154,6.899964612921423,6.899998929420703
0.6534169083301836,-1.779761197833657,0.44112339954962726,-3.431949973981513,13.285512625194553,3.592398067601986,-1.3391067873186926,0.7724281471717183,0.08538613110909729,-0.6292680295826407,-0.009258132901964585,1.22036783527391,-1.4973363017797274,-0.1843837477491299,6.899998846085723,6.886365506019047,6.899987516635423,6.899998661243878
0.6860877537466928,-1.3457122685768446,0.5584900814908071,-3.4756997248261965,13.926924513555573,3.649743678274282,-1.1639646722101007,0.7549272478353606,0.10240212417569591,-0.6477633696123163,-0.0011280225042172721,1.2208042769434362,-1.4952468571818418,-0.18408779843376838,6.899998627764197,0.001836088920325016,6.899993504840584,6.899998159839825
0.7187585991632021,-0.8907078706670849,0.6777302930135704,-3.5137274347022425,14.371248109740852,3.702788618700996,-0.9182271291399613,0.7366902943401404,0.11931767754959244,-0.6655835725670723,0.007014982529701033,5.992608878061989,3.2782018726867306,-0.034217666594972995,6.899998291104493,6.8998934240650724,6.899996251812877,6.899996768880364
0.7514294445797113,-0.4211870452314382,0.798703527585141,-3.5437266912956105,15.007035615015466,3.8118534459612943,-0.6576643122663084,0.7559649070646974,0.19024927786460272,-0.6215225459827406,0.07766592814815049,5.99634668261761,3.271574934887022,-0.034215465619805416,6.899997277279415,6.89998699434011,6.899997495784118,6.899977272350775
0.7841002899962205,0.06910549550678305,0.9232400022685134,-3.5652131403776113,15.57846268717227,4.083230479621015,-0.46253839333251423,0.7658355819711589,0.2588881729546639,-0.5698711028744661,0.14737605436704748,5.999996917441458,3.264893072154496,-0.03421567209357962,6.8999966048291315,4.924657129830329,6.89999661045227,4.919391230787507
0.8167711354127297,0.5780670417862465,1.0566425940681756,-3.580324660725373,15.956601902969794,4.434191212793695,-0.3002375535894818,0.76618166031876,0.3243947650447244,-0.5112640061256345,0.2152738159751859,5.999997041718411,5.99986654350523,-0.03433007948485962,6.899992954630748,6.899905839277059,6.8999935350966375,6.890196301483245
0.8494419808292389,1.0993827159309482,1.2015113697285882,-3.5901336754269195,16.292445342140688,4.968318276023438,-0.20968885423086484,0.7771863743635348,0.37509165138331485,-0.4109597669709859,0.29393819503202007,5.99999681894588,5.999987371076666,-0.034541017381130995,6.89995819675665,6.899952795112092,6.899978546581711,6.890203895232344
0.8780329081913244,1.5651988372588366,1.3435601966700634,-3.5961288742268516,16.415911989112548,5.501356595770792,-0.21661915927756675,0.7747290420315679,0.41371154242057834,-0.3165807711755457,0.35834939154966833,5.999997064446727,5.999993668496057,-0.03472598597931988,4.554598708616785,4.5545980885986,0.603337321154679,0.5935142846692048
0.9066238355534099,2.034544984521935,1.5008490834926465,-3.6023222168749673,16.289564913878284,5.672811261413966,-0.07838394498027226,0.7609974717070761,0.4463111843145753,-0.21759318535529557,0.4175432678170314,5.999996800759994,5.999994680899584,-0.18516314158854444,0.0006176387602603678,0.0006183314207422956,0.05252372970575933,0.00015114681752215564
0.9352147629154953,2.5002787517346063,1.6630400182065637,-3.604563286552246,16.10980660440928,5.608326000849417,0.17886701511359498,0.7370795047095411,0.47287828436873774,-0.11448557348488353,0.4690340983070085,5.999996026398353,5.999994603834402,-0.1841851353754128,6.899942894151951,6.899947061464749,6.899964026556217,6.8478665793295495
0.9638056902775808,2.9608730621785186,1.823387259519755,-3.5994493127156546,15.740594818970932,6.094954729155708,0.07167019034096671,0.7024229124360302,0.49255852576742987,-0.0097175793825357,0.5137058685968441,5.9999922429555115,5.9999933247925705,-0.18517493805805135,6.899944782458695,6.89998974907346,6.899989999586467,6.847574799870546
0.9923966176396662,3.410911265283736,1.9976476674562564,-3.5974001955095813,15.227508090307476,6.498770900614444,-0.020958952271639106,0.6575460601411627,0.505067064332037,0.09519878105878542,0.5508880389025926,5.999940785336941,5.999990243171109,-0.18617064202986358,6.5483912025445274,6.899995606662188,6.899995062054859,6.4957540446223545
1.0209875450017516,3.8462798429992846,2.18345355421857,-3.5979994313915555,14.606746517525147,6.786025388583019,-0.06925523046882358,0.6031032803931574,0.5102198620584537,0.19873572521322289,0.5800398581694085,5.573453333990803,5.999978188042786,-0.18717144091500015,5.324896120447478,6.89999721687945,6.899996277160408,6.899981408011076
1.049578472363837,4.263900271678239,2.3774723131808253,-3.599979502655324,13.915818962798975,6.944787884680706,-0.05617015710017182,0.5432455579674741,0.504541557779245,0.29602266303931984,0.6022397057572163,4.650245689271082,5.01485445961345,-0.15722441466658518,0.0007743839969610127,6.899997980456752,6.899996549146254,6.899993514973238
1.0781693997259225,4.661766440827548,2.5760302391368346,-3.6015854595368855,13.300082722620047,6.953538779751001,0.057862972640841,0.48751110271894427,0.4944566220466107,0.37435127071197954,0.6145784732312051,0.48837188056393666,0.8095378522746104,-0.02604981831583654,6.755397011433154,6.8999983727278815,6.899996656931686,6.899996061019464
1.106760327088008,5.042028139859698,2.774838361298151,-3.5999311034891504,12.50605679313363,6.8832296899427154,0.17692221175577244,0.47991179218974955,0.4905635944190404,0.38443277656231906,0.6174491654048289,0.40127298200663786,0.7214730083756021,-0.02330059402337823,5.984322264575479,6.8999986119159775,6.899996727007212,6.899997075832308
1.1353512544500934,5.399587901218321,2.9716362813798565,-3.5948727333840873,11.737336245863853,6.796833329910689,0.30446576202146597,0.47330545365511034,0.486786333159385,0.3930604212264538,0.6201004101406081,-0.1536085997258405,0.16584304635452005,-0.005890935171132716,6.899572537757223,6.899998789239278,6.899996882325641,6.899997635025821
1.163942181812179,5.735169229248186,3.1659640494075276,-3.586167774897877,10.952685198068314,6.696211893597699,0.4297824431507569,0.47349226881393885,0.4842412315747831,0.39285979442796376,0.622074499509321,-0.153838734436092,0.16560993799673351,-0.005882889066995277,6.899851015065783,6.899998925800829,6.899997121761342,6.899997972192386
1.1925331091742644,6.048316656165946,3.3574149572585084,-3.5738798962842457,10.176003651512497,6.5943016175133575,0.550109208232036,0.47367696712198476,0.4816916305761759,0.3926513825255168,0.6240418220383912,-0.15390007213250312,0.1655455888347654,-0.005880129276179128,6.899925395803376,6.899999034616281,6.899997419538632,6.899998186724473
1.2211240365363498,6.339258037402658,3.545952155808513,-3.5581517638704643,9.40725648339705,6.4911063653131915,0.6654918473451259,0.4738574753443836,0.47913717100775904,0.39243786622794335,0.6260025443801907,-0.1539164378992628,0.1655263346387568,-0.005878776012235547,6.89995530348311,6.899999123377138,6.899997739141585,6.899998323552493
1.2497149638984353,6.608220224195973,3.731538906398752,-3.5391247348029578,8.646404740242442,6.386626445129723,0.7759776599971979,0.47403324083514853,0.4765777745785834,0.3922199636924579,0.627956695515801,-0.1539148388331718,0.16552527342102005,-0.005877984391512109,6.899970241532731,6.899999197154739,6.89999804979018,6.899998405769573
1.2783058912605207,6.85542895406744,3.9141384791802305,-3.5169388138913775,7.89340910432631,6.280861546008495,0.8816143548128303,0.47420404181113274,0.47401342390173257,0.3919979652071704,0.629904275239725,-0.15390436697902254,0.16553336225349233,-0.0058774707206182,6.899978770869135,6.899999259429264,6.899998332149472,6.899998445651823
1.3068968186226062,7.0811088404084614,4.093714135413476,-3.4917326419115553,7.148230455149827,6.173811368822452,0.9824497674551462,0.47436976769345124,0.47144412206406816,0.39177201702665765,0.6318452737382778,-0.15388890794342047,0.16554672944609486,-0.005877114274969327,6.899984103422272,6.899999312669219,6.89999857771301,6.899998449343125
1.3354877459846917,7.285483378119102,4.270229127806699,-3.463643491973353,6.410830008155674,6.065475832900151,1.0785317550233613,0.47453035543776206,0.4688698810119505,0.3915422037759919,0.633779677104721,-0.1538703931147422,0.16556344110006513,-0.005876855490151366,6.899987662986838,6.899999358674952,6.899998785409124,6.8999984189696555
1.3640786733467771,7.468774953212965,4.443646706761636,-3.432807268907785,5.6811693549460465,5.955855160010551,1.1699081471509838,0.47468576567681214,0.4662907172094505,0.39130857937551305,0.6357074693724746,-0.1538498901018227,0.16558242388646727,-0.005876661886492037,6.899990159432985,6.899999398791175,6.899998958180419,6.8999983535570895
1.3926696007088626,7.631204853571941,4.613930129020603,-3.399358510052288,4.9592104732486355,5.844949912467416,1.2566267198630243,0.4748359721626744,0.4637066496781184,0.3910711807445516,0.6376286334351404,-0.1538280394988411,0.1656030366127595,-0.005876514469200682,6.899991979075125,6.899999434043284,6.899999100582506,6.899998249323659
1.421260528070948,7.772993279985893,4.781042667402992,-3.3634303867834383,4.244915725776635,5.732761010924067,1.3387351799509186,0.474980956514684,0.46111769896470073,0.39083003462482824,0.6395431515431114,-0.15380525347446078,0.16562487684684962,-0.005876401593252612,6.899993346917071,6.899999465227552,6.899999217414297,6.899998099665581
1.4498514554330335,7.894359357159755,4.944947621050523,-3.3251547064964044,3.538247854506371,5.61928974203496,1.4162811546912852,0.47512070536956236,0.4585238865179047,0.39058516128349613,0.6414510056172682,-0.15378181525280382,0.16564768507343902,-0.005876315941068489,6.899994401317049,6.899999492972435,6.899999313065176,6.8999978951944465
1.478442382795119,7.995521144557009,5.105608325891562,-3.284661914878347,2.839169972932123,5.504537760582107,1.4893121844576163,0.4752552087277684,0.4559252342602289,0.3903365766589922,0.6433521774771661,-0.15375793295868262,0.16567129368270012,-0.005876252932664495,6.899995231217275,6.899999517781249,6.899999391275063,6.899997624610194
1.5070333101572044,8.076695647021735,5.262988165166228,-3.242081098393063,2.14764555740503,5.388507088348649,1.5578757169518873,0.4753844589414233,0.4533217642567555,0.3900842936690875,0.6452466490276231,-0.15373377024989737,0.1656955978400631,-0.005876209832422453,6.8999958959516166,6.899999540062503,6.899999455101095,6.899997278353999
1.53562423751929,8.138098825153016,5.417050579919293,-3.197539986930547,1.4636384380349465,5.271200110953991,1.6220191023319692,0.4755084500668325,0.45071349843941244,0.38982832304078296,0.6471344024198674,-0.15370946272788663,0.16572053611656395,-0.005876185164220327,6.899996436364717,6.899999560151873,6.899999506971827,6.899996859316592
1.5642151648813754,8.179945605419238,5.5677590794026015,-3.151164956595871,0.7871127892705599,5.152619573331462,1.6817895887761736,0.4756271774322464,0.4481004583951316,0.38956867385763566,0.649015420173719,-0.15368512116215743,0.16574607138808237,-0.005876178133760788,6.899996881341818,6.899999578328397,6.899999548766807,6.8999964069350925
1.5928060922434608,8.20244989000305,5.715077251348188,-3.103081032624872,0.11803311998214717,5.032768574260843,1.7372343181779142,0.47574063733185007,0.44548266530783137,0.3893053539466424,0.6508896851927785,-0.15366081620350702,0.16577216111652587,-0.005876187715693547,6.899997251794069,6.899999594826606,6.899999581891106,6.899996032038957
1.6213970196055463,8.20582456636279,5.858968772085073,-3.053411892422937,-0.5436357371804705,4.911650560299084,1.7884003219054099,0.475848826784043,0.4428601402842365,0.38903837020282417,0.6527571805090864,-0.15363653960777413,0.16579870894515103,-0.005876211152799054,6.899997563173147,6.899999609845734,6.899999607329871,6.899995916848587
1.6499879469676317,8.190281516489637,5.999397416482537,-3.0022798687250205,-1.1979286364588682,4.789269319661931,1.835334517281213,0.47595174330800627,0.44023290540692495,0.38876772894349293,0.6546178885210385,-0.153612163989212,0.1658255178342563,-0.005876242502147082,6.899997574928417,6.899999657457373,6.8999996611520595,6.899994468833462
1.6821995932149243,8.15169426302252,6.153667665590497,-2.943160722508909,-1.9268091943706795,4.649971325334705,1.8834974267826756,0.4760613949713257,0.43726735854141724,0.3884584109063859,0.6567060745636887,-0.15358574695609473,0.16585671903109003,-0.005876308957871369,6.899997255293648,6.899999652739057,6.899999659246253,6.899990819419343
1.7144112394622169,8.089628566867418,6.3034508969822305,-2.8824901696896967,-2.6464117494723194,4.509079528783816,1.9264076414597233,0.4761643520954365,0.43429588433392663,0.388144459856066,0.658785604675612,-0.15356203123526835,0.16589019275708256,-0.00587644667970316,6.899996873356181,6.899999647261953,6.899999653738563,6.899982831855598
1.7466228857095094,8.004383287768736,6.448695771664322,-2.820437408214913,-3.3567847494322245,4.366600858572324,1.9641318459248722,0.47626061980952666,0.431318475579856,0.3878258698498895,0.66085648163421,-0.15354401991869943,0.16592885967162768,-0.005876747320369247,6.899996412136698,6.8999996409818465,6.899999644801488,6.899961137706186
1.778834531956802,7.896255724891716,6.5893511738237756,-2.7571694880109376,-4.05797591116762,4.222542754855573,1.9967365499477976,0.47635020638613423,0.4283350700234972,0.38750262564140814,0.6629187459904577,-0.15354112831186745,0.16598203156836722,-0.005877502843121766,6.899995848182233,6.8999996338485765,6.8999996326081625,6.899873687661264
1.8110461782040945,7.765541640361147,6.7253662273072505,-2.692851316614979,-4.75003106030325,4.076913236558947,2.0242884118425364,0.4764331288627853,0.42534543094673516,0.38717468393861304,0.6649725574882916,-0.15359835043399026,0.16609457352277796,-0.005880119639028891,6.899995148210109,6.899999625804619,6.899999617409596,6.898795347039462
1.843257824451387,7.612535320183006,6.85669031426419,-2.627645654390213,-5.432970784621201,3.9297234685721683,2.046862422208765,0.476509443677754,0.42234848360110394,0.3868418701270068,0.6670186474178499,-0.1543928429714321,0.16694349937426003,-0.00590582045339454,6.899994259997767,6.899999616804599,6.899999599619706,6.7356480413597755
1.8754694706986796,7.437530387196906,6.983273176483519,-2.5617128461291494,-6.102535038881338,3.7815057224475166,2.0661113798665034,0.47657978685499064,0.41933051942331334,0.38650204560108836,0.6690663576890612,-0.26666817030607654,0.27927263574887373,-0.009426239222488269,6.899993130259417,6.899999606709462,6.899999579992046,6.825270934569422
1.9076811169459722,7.240957687312755,7.1050817010971095,-2.495159997253384,-6.765523808440615,3.631439149297598,2.0795954565004764,0.4767346712655537,0.41420755522478286,0.38582827707955325,0.6725270961191685,-0.31765079435674604,0.3304121754783302,-0.011026844876107018,6.899991685518141,6.899999595394775,6.899999558563002,6.853791916937865
1.9398927631932648,7.02302902771763,7.222056334342853,-2.428172804071113,-7.418742452842255,3.477645071996247,2.0848404144997903,0.4769069972369214,0.4081100266819306,0.3849876484710534,0.6766021228417369,-0.34911308471490593,0.3620938433235461,-0.01201647911547861,6.899989808121592,6.8999995827306995,6.899999535074004,6.849619900017644
1.9721044094405573,6.7840591202269,7.334077007175638,-2.361016662157187,-8.060549492346405,3.31932481644899,2.080889376993267,0.47707180459709797,0.4013949879025672,0.3840308925317842,0.6810321802434244,-0.3834046274658992,0.39664731512483825,-0.013095441081169093,6.899987324007812,6.8999995685909274,6.899999509215857,6.841347351898144
2.00431605568785,6.524415551420642,7.440997923942954,-2.2939877896657315,-8.69030039678291,3.155962754004245,2.0670849992146247,0.47722191268960623,0.39400183054990834,0.38294271558484716,0.6858401272551548,-0.4233234132366401,0.4368784131184452,-0.014351554227994225,6.899983971252377,6.899999552840929,6.899999480636314,6.832228029106824
2.036527701935143,6.244486669256763,7.542656679744572,-2.227403578907946,-9.307346391550146,2.9869925554823404,2.0426932191347644,0.47734931550399634,0.38581533470072876,0.38169728777031986,0.6910798354800306,-0.4694411570026747,0.4833725229887221,-0.01580293851696094,6.899979340517708,6.899999535332189,6.899999448918748,6.821547564989977
2.0687393481824357,5.9446817197911335,7.638872627285068,-2.161605067541435,-9.910872917971929,2.8117639900680897,2.006877929103272,0.47744257090634457,0.376706744490275,0.38026422689863065,0.696806815325274,-0.5228160308431673,0.537204817106635,-0.017483007412219923,6.899972765552284,6.89999951590176,6.899999413565944,6.808728942587593
2.1009509944297284,5.625436187355548,7.729444174264021,-2.096960225627663,-10.499875496307391,2.6295384927071,1.95869956710382,0.4774858801662365,0.3665238348841693,0.378606205332974,0.7030823948782284,-0.584898006086595,0.5998471922473126,-0.019437520246477838,6.899963107010095,6.899999494373259,6.899999373983318,6.793290362155563
2.133162640677021,5.287217912227877,7.814145937984746,-2.033867288067392,-11.073121097473368,2.439478235575778,1.8971059855422934,0.4774575210666347,0.3550824223463682,0.37667642442853166,0.7099758166289181,-0.6574628671236074,0.6731041116041326,-0.021722532465107126,6.899948289555284,6.899999470559446,6.899999329459497,6.774666966737275
2.165374286924314,4.930534452582632,7.892725547937086,-1.9727583811674851,-11.629090523099674,2.2406325342391087,1.8209227647720736,0.4773275281666257,0.34215876900884845,0.3744157873158144,0.7175643705298694,-0.7426679894172861,0.7591703110606124,-0.024406154726159965,6.899924205990868,6.899999444267539,6.899999279145047,6.752148314983277
2.1975859331716068,4.555942302474801,7.964900010500177,-1.9141034612250085,-12.165903201151913,2.0319243312375983,1.7288473185059727,0.4770544220738549,0.32748051292613095,0.371749202625605,0.7259325880418458,-0.8431509377881062,0.8607311258024701,-0.02757162790534589,6.899881760815053,6.899999415308994,6.899999222031925,6.7250353204423945
2.2297975794188996,4.16405853228049,8.030351638259274,-1.8584144429857175,-12.681225394017584,1.8121372412305454,1.6194475460511315,0.47658059653444973,0.31071522897192133,0.36858059333521603,0.7351702712357991,-0.9620218628978092,0.9809545259686036,-0.0313169730159393,6.899797344452158,6.899999383516229,6.899999156939767,6.694899118834016
2.2620092256661923,3.7555753859062104,8.088723562025343,-1.8062493715162764,-13.17220356776432,1.5798904116485757,1.4911374347326354,0.4758258937351564,0.29145870604210694,0.3647866574942832,0.7453671820239169,-1.1013177191766892,1.1219342894646003,-0.03570605046099447,6.899592345978244,6.899999348771511,6.899999082523805,6.6691745124424004
2.294220871913485,3.331277024284059,8.139614433074861,-1.7582173799625778,-13.635436810331782,1.333589795707296,1.3421088110031816,0.47468052418967394,0.2692540154689368,0.36021572669249735,0.7565879362998218,-1.2580306815939415,1.2806481067112094,-0.040641777763269236,6.89882168761676,6.899999311062332,6.899998997332925,6.60898593374464
2.326432518160778,2.8920571573223355,8.182571555813187,-1.714985845717174,-14.065800041368265,1.0718365494065516,1.1711972374825492,0.47300374897871816,0.24369324222048513,0.3547046797235998,0.7688079391756674,-1.4560115983549313,1.480343136848264,-0.04685028218816528,6.663584122816485,6.899999270554383,6.899998899899481,6.419321485405124
2.3586441644080707,2.438974582204622,8.21709717557759,-1.6772596546175853,-14.45072389822925,0.7962892213122714,0.9834768318567922,0.47057841433075076,0.21388387456450125,0.3479426275256007,0.7821416573523046,-1.9437756757661595,1.6494478280062443,-0.05208257773637899,6.8621304330069925,6.899999227584612,6.89999878917581,5.670235620218645
2.3908558106553635,1.973492975977573,8.242746962285038,-1.6455802468173946,-14.78207893005842,0.5069540911753866,0.7806124957291353,0.4682923030096285,0.17793189920323169,0.3358543896367769,0.7976492883155494,-2.807196845960058,2.4671448065567154,-0.07761386168664215,6.899819845706968,6.899999179952378,6.899998664162251,6.838834160316575
2.4230674569026562,1.4973378786829716,8.259076788133587,-1.620435433248744,-15.080201777831144,0.18806405701928589,0.5228651492793963,0.4631501703843789,0.12441934311249224,0.3180452265060121,0.8178379916768614,-2.842945803869455,2.5158349065973766,-0.07892023153566387,6.899947835636374,6.89999912541004,6.899998498270566,6.899923681065474
2.455279103149949,1.0115797536776798,8.265134641010112,-1.6035930860251124,-15.293676525015995,-0.15635965172928673,0.2249619792758685,0.45614735416885827,0.06953999198203846,0.29896433693277935,0.8352928265243683,-2.8366363431402455,2.5230781795025066,-0.07892076237835627,6.899976054097111,6.899999061972863,6.899998252614088,6.899977895779324
2.487490749397242,0.5189452556333405,8.260098039221251,-1.5963466903295822,-15.41581190318978,-0.5209888051524757,-0.10227591971794919,0.4474014243569868,0.014350289509104212,0.27890626411692554,0.8496101049960681,-2.830251886975977,2.5302875732432186,-0.07892074026521942,6.899986619840389,6.899998988632961,6.899997868633345,6.89998982346589
2.5197023956445346,0.02237657599298863,8.243316132130872,-1.5996411660751493,-15.44375904461668,-0.9003143413734915,-0.4483251167746826,0.43695300741414045,-0.040945481760772895,0.2579469969520508,0.8607315978858932,-2.823833422598363,2.5374795917126787,-0.07892069563240119,6.899991589215499,6.899998904772957,6.899997237272315,6.8999941180465525
2.5519140418918274,-0.4750923270806289,8.214315525055179,-1.614082456140468,-15.37619749917882,-1.2886702511921466,-0.8025808628069805,0.4248492486042251,-0.09614296354531003,0.23616497324976554,0.8686113929322429,-2.8173898596637903,2.5446553762953528,-0.07892067718206232,6.89999426400145,6.899998810539802,6.899996125164113,6.899996085845809
2.58412568813912,-0.9703849615526811,8.172805334794361,-1.6399349069780507,-15.213308633929735,-1.6803315515774657,-1.1545314072175648,0.4111435918205503,-0.15103803960335127,0.21364108014129193,0.8732158647060235,-2.8109240595664287,2.5518145661662257,-0.0789206956795465,6.899995841649779,6.899998707425052,6.899993953639586,6.8999971273496215
2.616337334386413,-1.4604306775197065,8.11867908927678,-1.6771242642487298,-14.956724224986932,-2.0696077859199487,-1.4939198438247863,0.39589554152696244,-0.20542752792857155,0.19045842020005038,0.8745237796330341,-2.804436714119754,2.5589562735661064,-0.07892076996852342,6.899996836307362,6.899998598960832,6.89998897364666,6.899997733009591
2.6485489806337057,-1.9422113872732953,8.05201361540608,-1.7252458817798229,-14.609453297901506,-2.4509300255448765,-1.810890654562887,0.3791704091599543,-0.2591099121881274,0.16670202970096354,0.872526382132603,-2.7979266366258044,2.5660784328027373,-0.07892095694189193,6.89999749593978,6.899998491297607,6.899973979118883,6.899998109604056
2.6807606268809985,-2.412805928771639,7.973065124446359,-1.7835776509371297,-14.175791578219975,-2.818929978849479,-2.096119198972895,0.3610390469651263,-0.3118860631868826,0.1424585853963433,0.8672274451397765,-2.791387410374417,2.5731740802073584,-0.07892146886586994,6.899997950922598,6.899998393194134,6.8998954937461,6.899998358226094
2.7129722731282913,-2.8694315123646086,7.88226274917177,-1.8510971010666024,-13.661218538459602,-3.16850994169464,-2.3409227289538483,0.34157759551128214,-0.3635598874428301,0.11781613346671928,0.8586432979897635,-2.784775925491438,2.5801997278221314,-0.07892366432393737,6.899998274533347,6.899998314893991,6.433448490633079,6.89999853751274
2.745183919375584,-3.3094818512324236,7.780199827798872,-1.9265020759039104,-13.079513949105081,-3.488914523230288,-2.5279469762466116,0.32086749605971226,-0.4139383930664032,0.09286407722832016,0.8468029994508914,-2.4594170703278357,2.26847998670548,-0.08891750339142637,6.899998510497588,6.8999982654625125,5.779988723901698,6.899998686199044
2.777395565622877,-3.7307945276475234,7.667816147389535,-2.0079314096346805,-12.444127043741991,-3.774309156158052,-2.64855424708875,0.30185258476600507,-0.45705621015021775,0.07034960963794197,0.8336879333764139,-1.6876030929983328,1.5102078884908672,-0.11290893814012395,6.89999868616873,6.899998248827388,6.633252335095686,6.899998821536551
2.8096072118701696,-4.131640345836907,7.5462394360234555,-2.093245702108668,-11.742338289213327,-4.042063440831862,-2.731505189914882,0.28904193796104594,-0.48534293430654696,0.05416451709982104,0.8233852071213065,-1.4998390643005775,1.3340748409268797,-0.1186228313727611,6.899998820265426,6.899998264751674,6.609408813040822,6.899998941048979
2.8418188581174624,-4.5098803929250835,7.416037918358266,-2.1812319810088514,-11.013121471842092,-4.2873427114452705,-2.7761935115987293,0.2775816879436385,-0.5098528116383114,0.03953718446004512,0.813286744038195,-1.2961773547341282,1.1412423795225448,-0.12484747125893864,6.899998925050705,6.899998312396915,6.680628079348202,6.899999046111565
2.874030504364755,-4.864631165854522,7.277935551596284,-2.2706577443185,-10.261166792228366,-4.512400882334859,-2.787103345550463,0.26774252227609846,-0.5304696126357201,0.026625590320398636,0.8038700204484617,-1.1416885223016677,0.9965565716018464,-0.12954654243457536,6.899999008070795,6.899998386137984,6.710693546400579,6.899999137717411
2.906242150612048,-5.195160240650247,7.132583690648543,-2.3604349313400186,-9.493539235920911,-4.718655372574978,-2.767779910368375,0.2591604757456388,-0.5481863238018132,0.015030217939679975,0.7950482342329914,-1.0081747380464237,0.8719663360652591,-0.1336015903102498,6.8999990745676465,6.899998478816399,6.739604004538971,6.899999217439923
2.9384537968593407,-5.500962768152522,6.980588033024272,-2.4495896787031692,-8.714711030199718,-4.907691530706456,-2.7215559573685852,0.25170040648538516,-0.5634610927050183,0.004579582973422021,0.7868529276827387,-0.8948217935750435,0.7667054439487666,-0.13703735634333833,6.899999128240126,6.899998582936793,6.763206996116413,6.899999286896086
2.9706654431066335,-5.7816779570046934,6.822503209546324,-2.5372554764441393,-7.9283272160808735,-5.081000720819289,-2.651476981936979,0.24521525195944013,-0.5767098028056169,-0.0048950350798897535,0.7792633201853383,-0.7979651888596376,0.6771838960713581,-0.1399675306106456,6.899999171768428,6.899998691837401,6.783092158199529,6.899999347592635
3.0028770893539263,-6.037062428621872,6.658835811745055,-2.6226639150191335,-7.1372332114227595,-5.239968749208824,-2.5602791980966333,0.23957887729493454,-0.5882643040857262,-0.013533688509296395,0.7722460160909158,-0.7150276106980507,0.600897808215891,-0.14247175186154443,6.899999207135135,6.899998800270137,6.799711607961071,6.899999400852987
3.035088735601219,-6.266964460012649,6.490047792048674,-2.7051347228425255,-6.343680555974351,-5.385859128605808,-2.450397955971296,0.23468018681326575,-0.5983967518772875,-0.021455685904847227,0.7657585721378931,-0.6437417897340185,0.535651653579559,-0.14461997406055668,6.899999235837657,6.8999989045314285,6.8136078668770885,6.899999447806243
3.067300381848512,-6.471304853987522,6.316560403060273,-2.7840660749653634,-5.549453604655886,-5.519812315206482,-2.323986975016549,0.23042315444743366,-0.6073293348099835,-0.02876155805790544,0.7597558961614814,-0.5822138366271202,0.4796182956161702,-0.14647052988670292,6.899999259031235,6.899999002299801,6.825210945705894,6.899999489401133
3.0995120280958046,-6.65006189036646,6.138758161411395,-2.8589255212879134,-4.755972979288485,-5.642851412317484,-2.1829448079125893,0.22672530345063463,-0.6152439026648275,-0.03553586246967054,0.7541934629044492,-0.5288468701061052,0.43126146436259405,-0.1480725408229243,6.89999927762845,6.899999092344602,6.8327510764994415,6.899999526429277
3.1317236743430974,-6.80325960953698,5.956992627891789,-2.9292417672177598,-3.9644318239190968,-5.755877809939754,-2.028928681122443,0.22351626914032915,-0.622289432034795,-0.04184952835027217,0.749029343341054,-0.48083808620786794,0.3878323242973299,-0.1495130380762815,6.899999292366404,6.8999991742242885,6.846750613074665,6.899999559548561
3.16393532059039,-6.9309604850205755,5.771586328035371,-2.9945969001550616,-3.175523018405934,-5.8597604820087446,-1.8634655691603677,0.22075060416313458,-0.6285654059290978,-0.04775005852614511,0.7442409778730159,-0.4425845262865134,0.35376249562819506,-0.15065365618966897,6.89999930398927,6.899999247866285,6.42566352558826,6.899999589312958
3.196146966837683,-7.0332493091395945,5.5828337962950405,-3.0546221938628664,-2.4018227676249913,-5.9526946876687745,-1.6853597466970973,0.21833822786505283,-0.6342352372181478,-0.05332016639425379,0.739750662036027,-0.11674812691526573,0.03179068765897464,-0.16081427451291547,6.899999312801846,6.8999993139442575,6.8606050484477965,6.899999616169172
3.2283586130849757,-7.110615974479027,5.391087700797718,-3.108910405822902,-1.6204078981586232,-6.040372205797521,-1.500722664481892,0.219087797987594,-0.634883110786012,-0.05624174849634896,0.7387562779009333,-0.08966466006049115,0.005476664058849563,-0.1616581225204555,6.899999319439012,6.899999372651541,6.899930823290475,6.89999963779682
3.2605702593322685,-7.16281198047083,5.196517368102591,-3.157251153406487,-0.8450991770059507,-6.124756318327861,-1.3175869863929528,0.22009838635373583,-0.6351154128860966,-0.058942022412111175,0.7380453581137808,-0.08958915613744933,0.005896514382026139,-0.16165958407936026,6.899999324376977,6.899999424673292,6.899983153000207,6.899999652507582
3.2927819055795613,-7.190034016204423,4.9992288842257455,-3.1996927993122135,-0.07714594698595675,-6.206013966525114,-1.1365442593449389,0.22110821048392343,-0.6353468024655273,-0.06163940259803116,0.7373236629195385,-0.08954724531122292,0.0063516910577195666,-0.1616599256019142,6.899999109976724,6.899999293444414,6.899957531517636,6.8999995565641425
3.319327566190673,-7.192081906330636,4.83448614372255,-3.2298631174902916,0.5497246892128175,-6.270433065133895,-0.9890155040084728,0.22193966417206412,-0.6355375867495922,-0.0638601663439695,0.7367201914231057,-0.08949642609075387,0.006712202981667283,-0.16166065493599363,6.899999046951397,6.899999299514157,6.899887521409254,6.899999546302468
3.3458732268017846,-7.177489101301243,4.668033355690814,-3.2561171873988286,1.1717003925609646,-6.332780230865442,-0.8428172289702219,0.22277052242823425,-0.6357279178752268,-0.06607899268450386,0.7361092823060604,-0.08940468035056597,0.007033041436967136,-0.161662619324735,6.899998975592614,6.899999304951941,6.899503932077957,6.899999533266057
3.372418887412896,-7.146385540342414,4.499925520957502,-3.2784903275162702,1.7888157624881889,-6.3930753897203525,-0.6979111280977344,0.2236011138967982,-0.6359172823473188,-0.06829559265089406,0.735491307834982,-0.08909560173931391,0.007137448684868137,-0.1616713542303239,6.89999889505552,6.899999309396546,6.822157074526545,6.8999995179401
3.398964548024008,-7.098900244215595,4.330217111400734,-3.2970168394594714,2.399365434091372,-6.4510077083377615,-0.5539327819087412,0.22443314873882447,-0.6361029148650338,-0.07050852836191708,0.7348682813101972,-0.045230683586480795,-0.036314935338967756,-0.1630454816439887,6.899998804395863,6.89999931254543,6.728216811148994,6.899999500914879
3.4255102086351195,-7.035207503720169,4.158970850175534,-3.311721351089391,3.003024309177321,-6.506539808262051,-0.4107881409946231,0.22560700092283273,-0.6357291801474988,-0.07243425915547443,0.7346449270114163,0.05134586427972441,-0.13285346660757763,-0.1660779225361012,6.89999870257779,6.8999993141492695,6.877047603491697,6.8999994826397915
3.452055869246231,-6.955490239601836,3.986250452672723,-3.3226259936633027,3.6051091926412404,-6.561079377873496,-0.27046597315567183,0.22753096330430744,-0.6341176556667485,-0.07373245944848643,0.735314887623087,0.0636844437225721,-0.1460048042719882,-0.16648307219938438,6.899998589003846,6.899999313928502,6.881905565056196,6.899999463009426
3.4786015298573427,-6.859790234507982,3.8120822662651292,-3.329805691593546,4.201796685828263,-6.614772156215606,-0.13450718273467666,0.2295478328204541,-0.632334481670734,-0.07495270960481994,0.7360998485754925,0.07322779007595477,-0.15647566836490198,-0.1668024632642775,6.899998463113959,6.899999311633414,6.88068828795678,6.899999441863753
3.5051471904684544,-6.748250765729088,3.636488769586397,-3.333376273616178,4.792906296483658,-6.667672046222376,-0.0031319718134299626,0.23163526142682764,-0.630413444340019,-0.07611357130976938,0.7369740287975494,0.08340892457421338,-0.1676748581214903,-0.16714334086716376,6.899998324713531,6.899999307013367,6.877966322707574,6.8999994190175356
3.531692851079566,-6.6210199018417715,3.459491010381181,-3.3334594138769824,5.378375524485861,-6.719826224927319,0.12348332104299957,0.2337974361936721,-0.6283445142633367,-0.07721131828230599,0.7379433193401858,0.09507165387680193,-0.18045273497891795,-0.1675322668318251,6.8999981741903005,6.899999299802564,6.874992414211502,6.899999394258841
3.5582385116906776,-6.47824737052966,3.281108784048612,-3.3301814675454424,5.9581629257521564,-6.771287831331223,0.24514196539926775,0.23604485739296613,-0.6261064991668729,-0.07823682630024806,0.7390212960472704,0.10835039381792208,-0.1949580697554281,-0.16797368845218902,6.899998012775693,6.899999289705775,6.87182330584344,6.899999367341329
3.5847841723017893,-6.320083999636935,3.101360475377943,-3.323674012130413,6.532214676349549,-6.822116546693319,0.36161284122870235,0.238388822983832,-0.6236760032332987,-0.07918018012767852,0.7402226091807813,0.12334682353535192,-0.2113083816992968,-0.16847105136002985,6.899997842828265,6.8999992763827915,6.86818834764121,6.899999337975019
3.611329832912901,-6.146682045799636,2.920262884879972,-3.314074760374536,7.100455100534645,-6.872377193084762,0.4726290732571744,0.24084113833346882,-0.6210277680690656,-0.08003088799467764,0.7415626166012248,0.14031436526208305,-0.22977417470866718,-0.16903257897493318,6.899997668087702,6.89999925943045,6.863872460063132,6.899999305815858
3.6378754935240125,-5.958195774516406,2.7378310923208,-3.3015285094009066,7.662785882600918,-6.92213958027167,0.5778857815005242,0.24341520575823655,-0.6181325949693472,-0.08077691314841734,0.7430586941450147,0.15962614885481502,-0.2507483679611339,-0.16967029155139618,6.899997493813577,6.899999238360699,6.858706549517679,6.899999270452802
3.664421154135124,-5.754782061141263,2.5540783243201646,-3.2861881495732064,8.21908368786281,-6.971479204574629,0.6770344900246613,0.24612683292404972,-0.614955614287816,-0.08140391928245415,0.7447312109051404,0.18174848834530494,-0.2747210031419437,-0.17039919442161952,6.899997326696282,6.899999212572772,6.852492646379991,6.899999231391015
3.690966814746236,-5.536601055028932,2.3690158033981032,-3.2682158217789947,8.76919472759285,-7.020478148449178,0.7696753235461772,0.2489948023519366,-0.6114548287989542,-0.08189469053331898,0.7466042059905097,0.207256601439086,-0.30229601564584513,-0.1712377877649665,6.89999717443373,6.899999181316658,6.844962821298558,6.899999188029712
3.7175124753573474,-5.303816987957501,2.1826525731416453,-3.2477842818593903,9.312926999276558,-7.069226002067996,0.8553475627412697,0.25204151044764317,-0.6075793659831497,-0.08222845375956471,0.7487061322275873,0.23687334466894475,-0.3342312517696171,-0.1722093016145468,6.899997044932387,6.899999143643863,6.835758533916707,6.899999139632666
3.744058135968459,-5.056599188538645,1.9949952989075022,-3.225078515754319,9.850040274775594,-7.1178208475063585,0.9335182524381491,0.2552938267892634,-0.6032671030462937,-0.08237995623773646,0.7510708403311811,0.2715193283253717,-0.37149035215002757,-0.17334329540356003,6.89999694521947,6.899999098339299,6.824401387128123,6.899999085288482
3.7706037965795707,-4.79512336239867,1.8060480423989027,-3.2002976570508177,10.380232966503124,-7.1663703172939694,1.003568251122475,0.25878422535631906,-0.5984414603674557,-0.08231822657368884,0.7537388492003356,0.31237916074962735,-0.4153114264441482,-0.17467777376309662,6.899996880303427,6.899999043824811,6.810246294705098,6.899999023856331
3.7971494571906823,-4.519573221005604,1.6158120081424718,-3.1736572748564336,10.90312453276097,-7.214992677629743,1.0647750382794565,0.26255225772165086,-0.5930070698068536,-0.08200491585838726,0.7567589582551986,0.36099359166266565,-0.4673025493295489,-0.1762621290245838,6.8999968523084,6.899998978019242,6.7924124842203115,6.899998953890676
3.823695117801794,-4.230142577558245,1.4242852612104566,-3.145392118063084,11.41823159100384,-7.263817827123842,1.1162914851303167,0.26664648247983436,-0.5868438524838226,-0.08139205315397637,0.760190291878641,0.41938981980479173,-0.5295767647428924,-0.17816130170186975,6.899996860159051,6.899998898130201,6.769683140189349,6.899998873535123
3.8502407784129056,-3.9270380769643825,1.231462418430684,-3.1157594231557404,11.924935098955132,-7.312988007660487,1.1571196423886319,0.27112700904485443,-0.5797988088317677,-0.08041897015513179,0.7641048851322141,0.49026728697195515,-0.6049445786803235,-0.18046171255192928,6.899996899905997,6.899998800335524,6.740366899764801,6.899998780370081
3.876786439024017,-3.6104827970179847,1.0373343207261985,-3.085042917842441,12.422434891459748,-7.362657890887562,1.1860784173995143,0.2760688629651771,-0.5716744810084411,-0.07900803767688565,0.7685909189206952,0.5772599096768702,-0.6971859271917751,-0.18327963963609797,6.899996965554232,6.899998679280537,6.702111358087363,6.89999867118987
3.903332099635129,-3.280721056425661,0.8418877031589734,-3.0535576827159887,12.909686229117197,-7.412993458646057,1.2017639151841986,0.2815664014969891,-0.5622125869263226,-0.07705872012478794,0.7737566298923976,0.6853009472188935,-0.8114294295036097,-0.18677288755572152,6.899997050110671,6.899998527255877,6.6514675878072955,6.89999854166998
3.9298777602462405,-2.9380249071915725,0.6451048946933641,-3.0216560656888283,13.385306557172107,-7.464167757533728,1.2025030528772787,0.28773897479292704,-0.5510706841931595,-0.07443928336006943,0.7797346834025635,0.8212294181047334,-0.9547803677077787,-0.1911601441754527,6.8999971465619385,6.89999833279587,6.582768579017012,6.899998385859695
3.956423420857352,-2.5827031021491926,0.44696363065747086,-2.9897348277633222,13.847428587622465,-7.516348644947848,1.186306763914768,0.29473857389533925,-0.5377872967791049,-0.07097461028672646,0.786687105001643,0.9950217162046394,-1.137586314268008,-0.19676013609570492,6.899997248592844,6.8999980781715635,6.489589079737614,6.899998195392101
3.9829690814684637,-2.21511396252556,0.2474371904938959,-2.9582435310277746,14.293539842917568,-7.569687909105114,1.150801467006386,0.30276189584887403,-0.5217244826390288,-0.06642615760589704,0.794812156564556,1.220188455489023,-1.373892872133562,-0.20400501374146177,6.899997350971578,6.899997734658022,6.380839389805586,6.899997958230836
4.009514742079576,-1.835682504924066,0.04649482432675574,-2.9276947458538536,14.720575287341447,-7.62438126545371,1.092975552225911,0.31205829067312196,-0.5019964113256208,-0.06046937431460819,0.804339903901587,1.5050957879470783,-1.6728487488819686,-0.21316963483680654,6.899997449662871,6.899997252947857,6.27120434232485,6.899997656658543
4.036060402690688,-1.4449151093459807,-0.15589941311569683,-2.898680987788222,15.124666212434626,-7.680667978251091,1.0089740936743303,0.3228744832053099,-0.4775174071565927,-0.052726545774525346,0.8154441153923906,1.8497148486334878,-2.0354507142292113,-0.2242696271107872,6.899997542082512,6.899996541225099,5.91724292077882,6.899997264038401
4.0626060633018,-1.0434208532143416,-0.3597878185329838,-2.871897103932139,15.495786707415535,-7.737389707084009,0.8974205824582303,0.3353759704337057,-0.4471035952218148,-0.042822165587483224,0.8281229351550503,2.391004740196772,-2.5998693665542563,-0.24161804832741346,6.899997627750209,6.89999540702616,4.619916688509718,6.899996739504748
4.089151723912912,-0.6320749583771116,-0.5651819397131449,-2.8480744817247765,15.810205937801527,-7.789223101760134,0.7675546794599469,0.35035642941658507,-0.4072969723179624,-0.029515652100794588,0.842904724739507,3.658285916389975,-3.899159062563555,-0.2818679842333482,6.899997705872706,6.899993403251273,3.878626141759003,6.89999602055378
4.115697384524024,-0.21238259736044804,-0.7719520125967001,-2.827699235703362,16.069000395318852,-7.838443924651509,0.6081022304048728,0.37082385109074084,-0.34568021765244644,-0.008222722398898796,0.861932274266592,5.3305026519759595,-5.627918565920961,-0.335203800270943,6.899997771312887,6.899989406530482,6.899457466272403,6.899994983618366
4.142243045135136,0.21417963349350724,-0.9800286847397294,-2.811556760278174,16.301766324062523,-7.905130593546467,0.3419366276764277,0.39640516398761794,-0.25368092255705343,0.023398061630226778,0.8820212390903841,5.280731667762726,-5.6756484538917285,-0.33521323975093065,6.899997823027862,6.8999793950864605,6.899913317641871,6.899993226896586
4.168788705746248,0.6469207896937222,-1.1898755985625298,-2.802479826609368,16.412822011202802,-7.966964211124116,0.010668304511994561,0.4176633546562118,-0.15871697261790613,0.053943167459871086,0.8930041318296087,5.230282530140145,-5.7226734382750495,-0.3352144873419754,6.899997863102134,6.899939008893991,6.899967082823883,6.899989789858666
4.19533436635736,1.082609992473697,-1.4013639266119036,-2.8021966294184963,16.393868552718136,-8.01547738500889,-0.3589858361816625,0.4344537568402607,-0.061806461608213764,0.08306642141675386,0.8947233450088898,5.179405306347244,-5.769194699992164,-0.3352141342725719,6.899997899582466,6.100031736792732,6.8999826792748795,6.899981797705942
4.221880026968472,1.5177960631773308,-1.6141400689103904,-2.811726145589971,16.242105842453523,-8.039333260434809,-0.7210806168674267,0.44668097521834715,0.036012247968815296,0.1104475161352906,0.8871192538513564,5.578543487313009,-5.364807296669576,-0.32109299307738404,6.899997938180216,6.507356062530837,6.899989021178371,6.899957112350121
4.2484256875795845,1.9489534924808578,-1.8275494811815145,-2.830867706918584,15.964349091873837,-8.038371496290667,-1.076560940334794,0.4532703694369642,0.13109248004934856,0.14372193902535277,0.8698877732841999,5.753901813564268,-5.19123484079756,-0.3141626174290271,6.899997976141505,6.899939864171963,6.899992160823444,6.89982580622619
4.274971348190697,2.372737685351051,-2.0409333627880804,-2.859445728267891,15.564393899532615,-8.017442496161312,-1.398193677418317,0.4543875129028407,0.2238639739456238,0.1785275139209818,0.8435311707707155,5.710547756596468,-5.239093991056366,-0.31416473353548746,6.899998011028694,6.89997951827849,6.899994044972726,4.575197341102763
4.301517008801809,2.785904803425702,-2.2537616702602827,-2.89656170309724,15.085848463664151,-7.970660597866633,-1.6079121536724426,0.45096816209672086,0.31455464327054516,0.21068607171968184,0.8082663375129434,4.357729613528167,-3.977571861844673,-0.3552038678633072,6.8999980391869205,6.8999893351543395,6.899995360269647,3.37100904673396
4.328062669412921,3.186368616772792,-2.4653481213376116,-2.939244793421111,14.544723104284754,-7.900759737754016,-1.719006518578729,0.4463365656604545,0.38114526492922973,0.23439024897025154,0.7749665595151229,2.3329920318295563,-2.0314190462373745,-0.41750052532535953,6.89999805138538,6.8999932758725695,6.899996312977856,6.5336986957678445
4.354608330024033,3.5724678999817328,-2.6750790079059663,-2.9848769570515894,13.897680035926566,-7.816772103653075,-1.808587610015068,0.4447668782917058,0.41420722950197014,0.2482520804315255,0.7543114075565738,2.1042118902821287,-1.8510035404064233,-0.4239667045318608,6.899998048588582,6.899995291566815,6.89999699234928,6.087408494645738
4.381153990635145,3.9413909974972605,-2.8825803872439475,-3.0328871099325116,13.23901254361248,-7.724409561145528,-1.8502496363020091,0.443228774141811,0.44345035569210506,0.26053861198096107,0.7341795880301561,1.6257977523559368,-1.4171001756227972,-0.4383112076408374,6.899998029439008,6.899996487798488,6.8999974934460075,6.503185537563744
4.407699651246257,4.29282933130625,-3.087629941875344,-3.082003208823617,12.557178536610971,-7.624076877433522,-1.8576968597602581,0.4426424177607403,0.46510978697390104,0.27050921445865805,0.7173320994874368,1.3858581377529877,-1.2125637350507705,-0.44531606696234977,6.899997991262573,6.899997262128236,6.8999978697983835,6.51376943822385
4.434245311857369,4.626167930972261,-3.29001609913672,-3.131316999181141,11.867115975643957,-7.517712099826322,-1.8343711835829015,0.44254066205811055,0.4830451539869008,0.2792408640503861,0.7020325359131389,1.1540322041639752,-1.011453468796679,-0.45213409647333097,6.899997931197628,6.8999977965305845,6.899998159854836,6.6151419917489145
4.460790972468481,4.941188364094407,-3.489578733110759,-3.1800115940553355,11.170331018410845,-7.405982439667692,-1.7853997896115181,0.44300360614453355,0.4974604704067448,0.28688718272730235,0.6884596064499644,0.9814848371378139,-0.8648965385183266,-0.45716261330554214,6.8999978451828,6.899998182843698,6.8999983883468925,6.663461193394967
4.487336633079593,5.237712180222916,-3.6861754294460325,-3.227406210925513,10.470714492512329,-7.289750861424311,-1.7146444539919818,0.4439188854818471,0.5093078431392294,0.29373911586960666,0.6762091953221256,0.8377900661245361,-0.7436092479317782,-0.46133815909533754,6.899997727700073,6.899998472267668,6.89999857205179,6.709687006645157
4.513882293690705,5.515664213496996,-3.879686681752963,-3.272922580669909,9.770178155972507,-7.1695978783091245,-1.6254333917003183,0.4452376577520392,0.5190524613904647,0.29995691749325276,0.665111883890582,0.7215150536784561,-0.64670172217476,-0.4646976866686874,6.8999975708590435,6.899998695228199,6.899998722393255,6.743300309649153
4.540427954301817,5.77502004693554,-4.070008393748705,-3.316070783831953,9.070376355892986,-7.046034908030239,-1.520538343790178,0.4468984850632641,0.5271216260855066,0.3056750168626053,0.6549712355727548,0.6252971225533559,-0.5673629787210164,-0.4674638416784707,6.899997363233588,6.899998870845173,6.899998847366723,6.770283845948597
4.566973614912929,6.015799179294128,-4.257050045071323,-3.3564344786523885,8.372455094857306,-6.9194687624721976,-1.402279382018398,0.44885253833898114,0.5338225362429154,0.3109905999801961,0.6456390209322099,0.5452108720673184,-0.502078308144731,-0.4697536572122678,6.899997087855482,6.899999011668432,6.8999989526801695,6.791486620628701
4.5935192755240415,6.238051530723983,-4.440731914449102,-3.393658911209408,7.6772823442400195,-6.790238187537466,-1.2726071885534431,0.4510569194151033,0.5393975946737927,0.3159785396770939,0.6369893662942292,0.4778436102819412,-0.44777282653262224,-0.47166917880735737,6.8999967187983895,6.899999126242399,6.89999904249575,6.808429916648353
4.620064936135154,6.441850062249858,-4.620983272844083,-3.4274411097280084,6.985503399206192,-6.658624286024141,-1.1331694680986144,0.453475589328241,0.5440347555230015,0.3206962526381444,0.6289196993343429,0.4206715253680753,-0.40219288343052806,-0.47328559661905045,6.899996214983552,6.899999220563412,6.899999119906367,6.822061440025657
4.646610596746266,6.627284864682953,-4.797740853277787,-3.457521841843028,6.297605021064138,-6.524863465524641,-0.9853670190364083,0.45607808993535565,0.5478823417390967,0.3251884871037105,0.6213454460661447,0.3717286613590347,-0.36359160856121353,-0.47466137040301637,6.899995508319719,6.899999298947837,6.899999187250933,6.8331312390370975
4.673156257357378,6.794458950234955,-4.970947664367448,-3.483679060307751,5.613955543010238,-6.389156430454315,-0.8303984027180998,0.45883872672695725,0.5510583464790118,0.3294904831010838,0.6141968277171262,0.32949062130847334,-0.3306230198594479,-0.475841718247376,6.899994479404413,6.899999364569093,6.899999246326512,6.842190519536819
4.69970191796849,6.943485108765574,-5.140552042561592,-3.5057225344783145,4.934834879487348,-6.251675447839225,-0.6692959011281437,0.4617357558586755,0.5536576031371059,0.33363030923737375,0.6074159752664298,0.29275843142439334,-0.30223457891076205,-0.4768621257946071,6.899992903512928,6.899999419800934,6.899999298534021,6.849391754805834
4.726247578579602,7.074483560648321,-5.3065068972507525,-3.5234894363180707,4.260462067997286,-6.112570631860878,-0.5029533070883228,0.46475071830120557,0.5557569906804267,0.3376305512731761,0.6009546971246139,0.26043084519469245,-0.2774461220764139,-0.47775538314719396,6.8999903179429465,6.899999466442908,6.8999993449803,6.853145846078773
4.752793239190714,7.187580340751893,-5.468769122705582,-3.536840664111273,3.591048845200103,-5.9719787908397635,-0.3321434589344318,0.46786836112042385,0.5574171984109991,0.34150932730312983,0.5947744471175787,0.23052295763166,-0.254370072304525,-0.4785823243967253,6.899985654094852,6.899999505872018,6.899999386549468,6.850258882805365
4.779338899801826,7.282907104634501,-5.627299244863973,-3.5456576316463466,2.926846654895772,-5.830033401135687,-0.15753669683842014,0.4710795416704513,0.5586704297443228,0.34527977504697427,0.5888576171686052,0.1992737699991188,-0.22929670382441217,-0.4794601464489773,6.899976078804102,6.899999539141279,6.899999423956131,6.754126562901365
4.805884560412938,7.360602182596129,-5.782061332881966,-3.549839547334415,2.2700817386637584,-5.68711586122884,0.02052391149125679,0.47438663542978254,0.5594953733716359,0.3489489300422705,0.5832297073417612,0.114198458882529,-0.14970248236599007,-0.4820348101957831,6.899953295751437,6.899999567064752,6.899999457736571,6.651904739190546
4.83243022102405,7.420863001990181,-5.933029580390219,-3.5492947265455563,1.6209346492617789,-5.543418225612507,0.20135190370578868,0.4779521500836788,0.559127528863421,0.35246167618424373,0.5785403318004478,-0.027449905693258052,-0.011483088882501786,-0.48641357963609033,6.89990438100162,6.899999590263832,6.899999487846685,6.899290221387915
4.858975881635162,7.463891783062275,-6.08018327923278,-3.5439497072463815,0.9713940403130549,-5.398676541767014,0.3820664954985815,0.48193460548509665,0.5567544010293627,0.3557803783091237,0.5754857907728792,-0.028051192446921735,-0.010782864072387705,-0.4864244231203676,6.899907150743582,6.899999609164024,6.8999995135087095,6.899884327982018
4.885521542246274,7.489678079576082,-6.223494714459696,-3.5338074997259996,0.32731031806763655,-5.255092395037869,0.5604002156779314,0.48589811712948366,0.5543487338372786,0.35908416161048307,0.5724151168027806,-0.028307353870303604,-0.010407856183934595,-0.48642482769607204,6.8999595924647235,6.899999624081977,6.899999534291728,6.8999617526292605
4.912067202857386,7.498366748194021,-6.362994613658406,-3.51893130579422,-0.3113498856579326,-5.1126583618152415,0.7363699639246271,0.4898413987072416,0.5519153689518891,0.3623733956458385,0.5693244696620539,-0.028485563081471904,-0.010043605363113842,-0.4864247911480359,6.899981808690374,6.899999635179707,6.8999995498586495,6.899982875484439
4.9386128634684985,7.490101759798037,-6.498713507351716,-3.4993838786476608,-0.9446287291631237,-4.971362525570095,0.9099982361837615,0.49376373753454883,0.5494549998916322,0.36564848847799564,0.5662135263875722,-0.02863467888291349,-0.009676435235308959,-0.4864247738222261,6.899965171473623,6.899999707321351,6.899999634871391,6.899970165606328
4.970961882026967,7.459543947507478,-6.659532205952257,-3.469946328817178,-1.7098473744472726,-4.800549809685359,1.1187596366910357,0.498514746387539,0.546421148346566,0.36962041927105765,0.5623946318485369,-0.02883086310631486,-0.00922933496143967,-0.4864246679465077,6.89988200575219,6.899999698907591,6.899999623077638,6.89991820474819
5.0033109005854355,7.404232063059334,-6.81482528083662,-3.433755552567394,-2.4671991343992263,-4.631392863151411,1.324113128855945,0.503233839088627,0.5433476957954049,0.3735712025003392,0.5585459169421318,-0.0291127255599384,-0.008800563673848788,-0.48642389086144266,6.898720213968048,6.899999688174282,6.899999607989519,6.899623189787797
5.035659919143904,7.324420592473217,-6.964646294518262,-3.390921792388521,-3.216724924859486,-4.4638762043501305,1.5261033470196714,0.5079215410265753,0.5402343176053467,0.3774997094062623,0.5546679724314917,-0.03038752232237813,-0.008962165962925284,-0.4864044676826203,6.723118918939742,6.89999967560966,6.899999590074929,6.830835238563378
5.0680089377023725,7.220362698181453,-7.109048308695491,-3.3415538468936403,-3.9516671285776654,-4.2988832580815695,1.725679705704801,0.5125896283740198,0.5370784611784801,0.3813918220054593,0.5507620879678404,-0.19937116647643088,-0.08240185858799627,-0.48408726556976334,6.837032490073573,6.899999661904514,6.899999569879194,6.809944183836704
5.100357956260841,7.092530144902206,-7.24811296299186,-3.285729802067823,-4.681658279397615,-4.135111159292098,1.9215824583483987,0.5191232094323577,0.5331537204524212,0.38312375868375176,0.5472425324706375,-0.3056696643796928,-0.06069111106883434,-0.4846699938298777,6.870619032112726,6.89999964711919,6.899999547696301,6.88276686642551
5.1327069748193095,6.941083094337561,-7.381879750625128,-3.223568495461085,-5.40617178167949,-3.9698650388374337,2.109965399120541,0.5264023810925937,0.5280979887360273,0.38407143511513897,0.544520137580114,-0.3386084863679895,-0.06423487094548219,-0.48440867057448633,6.8646354251828585,6.899999631101652,6.899999523249762,6.885064378289065
5.165055993377778,6.766198743041748,-7.510300988441094,-3.1553131856072096,-6.121727866829955,-3.8037398717675774,2.288532613024701,0.5339353902709206,0.52274731866135,0.384662180893519,0.5419254989781791,-0.3741317941457316,-0.07294778598049144,-0.48396920326685394,6.858081199392135,6.899999613696295,6.899999496188684,6.883502238775407
5.1974050119362465,6.568166854667776,-7.63334824014449,-3.0812814016368133,-6.828044990013794,-3.63665176819596,2.456571519702095,0.5417678817626027,0.517118884794018,0.38482572986651764,0.5394300500667789,-0.41536023045119347,-0.08453507202234962,-0.4834223459209264,6.851056962694175,6.899999594725185,6.899999466083026,6.880941157293083
5.229754030494715,6.347286300567764,-7.7509903556845465,-3.001813723955765,-7.524869403537754,-3.4683960584222886,2.613321131412975,0.5499563236715036,0.5111800859511033,0.38448356379506315,0.5370431555787634,-0.46334624487165804,-0.09854697861213806,-0.48277947698508955,6.842585791630207,6.8999995739804945,6.899999432408491,6.877922085014517
5.2621030490531835,6.103864160582671,-7.863189564146566,-2.9172753501764492,-8.211863755174162,-3.298715348349583,2.757896527188949,0.5585603541575496,0.504881976844777,0.3835508574308442,0.5347833766910203,-0.5194342013928277,-0.1155594868134429,-0.4820193222476398,6.832119840046117,6.899999551218609,6.8999993945188285,6.874289507720149
5.294452067611652,5.838218427566931,-7.96989976816943,-2.8280601042360796,-8.888584196182622,-3.127319285189557,2.889264700082152,0.5676501913516926,0.49816483598776806,0.3819243315808855,0.5326714384970008,-0.5854597479902635,-0.13639806922856923,-0.4811121676227296,6.819102781560713,6.899999526153713,6.89999935160926,6.8697891430072495
5.3268010861701205,5.5506814524461126,-8.071065477764282,-2.7345952268327953,-9.554452477731791,-2.9538793897343827,3.0062185784669695,0.5773105164868771,0.4909545118729737,0.3794750223401127,0.530730574063188,-0.663827094905699,-0.16206869731302656,-0.480021801436229,6.802778262948598,6.899999498450178,6.89999930266755,6.86414808994455
5.359150104728589,5.241604291927966,-8.166620576962275,-2.637347006247156,-10.208715020745105,-2.778021012676646,3.107342948908772,0.5876437344823582,0.4831567719314178,0.3760407036593521,0.5289874896933165,-0.7576615509119332,-0.19387435911519987,-0.47870161195576233,6.782092825573162,6.899999467714146,6.899999246407456,6.8570272209278365
5.3914991232870575,4.91136238026377,-8.256486830257169,-2.5368275115253804,-10.850384961297165,-2.5993162747895058,3.1909723213009027,0.5987738972527687,0.4746503297894162,0.37141544118582537,0.527472704932187,-0.87106297229851,-0.23356367606673692,-0.47708962070944555,6.755573938646079,6.89999943348514,6.899999181177574,6.847913812093635
5.423848141845526,4.560363075784244,-8.34057216066966,-2.4336026886840596,-11.478159342995145,-2.4172779797645236,3.255141286755237,0.6108515543693401,0.4652774236901616,0.36533482419004404,0.5262202616424415,-1.0095185748414088,-0.2834864532568293,-0.47510320179101645,6.722671929227538,6.899999395229561,6.8999991048363665,6.835748207453722
5.4561971604039945,4.18905588618064,-8.41876873089804,-2.3283020627883784,-12.090335280819653,-2.2313482642834863,3.2975169489008325,0.6240595764554632,0.4548297328417869,0.3574550381088595,0.5252670319828651,-1.1796529420829638,-0.34556715543878863,-0.47267070013378154,6.689993162841147,6.8999993523406165,6.899999014580573,6.818868063521837
5.488546178962463,3.797945405803303,-8.490950657309751,-2.221630625811522,-12.684847465184568,-2.0408538384669774,3.3152577422324816,0.6386067325528385,0.4430250800416272,0.34734315358096945,0.5246550802698315,-1.384722779748398,-0.41596733040390516,-0.46989833799139785,6.64131159119532,6.899999304154713,6.899998906709802,6.787310219468209
5.5208951975209315,3.3876030397407098,-8.55697027600544,-2.114385291581938,-13.258262130578402,-1.8452057919117244,3.3052388495439864,0.6546558877674155,0.429482219169783,0.3345617763374495,0.524441712531236,-1.6458940525035601,-0.49510687845024876,-0.466757609838168,6.485944683149649,6.899999249989617,6.8999987763262505,6.470478705232523
5.5532442160794,2.9587112720255937,-8.616660872412185,-2.0074640586978694,-13.797149401575805,-1.6461536268179402,3.2681168754706547,0.6724489290635376,0.41355671108236625,0.3184680776870347,0.5247488618516437,-2.2322528581842094,-0.459642440367931,-0.46709032565008507,5.799170950845458,6.899999189382193,6.899998616642723,6.544704381448387
5.5855932346378685,2.5123870299800606,-8.669912326636208,-1.9017436852420262,-14.293972414323282,-1.4444662821528076,3.202016178669362,0.693222128195445,0.3904964043267106,0.29743629076592365,0.5277189518329611,-3.238427570170457,-0.9375183418212609,-0.45105235024053053,5.320342820586105,6.8999991218158545,6.899998409239985,6.899749579388138
5.617942253196337,2.0499910510748847,-8.71663939320465,-1.7981616044537359,-14.752740135494768,-1.2411994349755346,3.090615921949839,0.7209463479814976,0.35947413818251844,0.2617355048481617,0.5315159760648052,-4.336279465659413,-1.9740970821864665,-0.41707601363254787,6.899846266339013,6.899999040978241,6.899998115749173,6.899942526694387
5.6502912717548055,1.5727543866435068,-8.756790976761435,-1.6981832126374832,-15.189872899704728,-1.0191718086737356,2.8883150104029416,0.7558434801618306,0.32314918773781504,0.20325436834845367,0.5319425699346462,-4.363056967559805,-1.9156586922189494,-0.4170739627740307,6.899972320739962,6.899998923909907,6.899997673225686,6.899975293360588
5.682640290313274,1.0813769063101863,-8.789760184514488,-1.604749056763256,-15.532339699996474,-0.7730001973613112,2.606862379286851,0.7861850501463273,0.2840711712384608,0.14404481966297725,0.5295920378235011,-4.388936520427189,-1.8567955165008627,-0.4170739257315671,6.89998962671147,6.89999874102253,6.899996961437896,6.8999863516412825
5.7149893088717425,0.5789209610985688,-8.81476598224463,-1.5204196172763333,-15.769443577281292,-0.5118306402029891,2.2602589594040494,0.8118230969596759,0.24246941415356407,0.08450212152936545,0.5244151350791021,-4.41400181477952,-1.7975792564548132,-0.4170740344677936,6.8999946947515145,6.899998445676071,6.899995731905986,6.899991320424494
5.747338327430211,0.06879493816038011,-8.831323201123348,-1.4473024582516276,-15.893334312810392,-0.2450536994118436,1.8639351048416417,0.8326394123544738,0.19859346101908593,0.025019032649437566,0.5163780536001935,-4.438260239747466,-1.7380253745813874,-0.41707416543553116,6.899996750296388,6.899997947772799,6.89999337945854,6.899993918729151
5.7796873459886795,-0.44533882848066175,-8.839250447793443,-1.387005986953325,-15.89913869946513,0.017951851531334433,1.434308789030917,0.848545356560407,0.1527119108828539,-0.03401553508756321,0.5054629496878927,-4.461710025355403,-1.678145825888137,-0.4170743246225022,6.899997754445952,6.899997048730247,6.899988125621,6.899995423139191
5.812036364547148,-0.9596603613333182,-8.838669723015098,-1.34060750531839,-15.785003419859821,0.2680609262042691,0.9883395136590739,0.8594821227952509,0.10511080760152242,-0.09221900051452558,0.4916684397691716,-4.484345984623928,-1.6179532027874168,-0.4170745667285949,6.899998306143775,6.899995242626938,6.899972952456351,6.899996366012291
5.8443853831056165,-1.4702897299078466,-8.829998215138517,-1.308635692048965,-15.552055029176385,0.49662354327326175,0.5430930241704519,0.8654208697036935,0.056091861580441445,-0.14921763702739896,0.4750100189953469,-4.506157163765437,-1.5574645827107385,-0.4170750879732117,6.899998633713798,6.899990966026895,6.899898843363784,6.899997002320733
5.876734401664085,-1.9733834466689912,-8.813932930920599,-1.2910671657311004,-15.204287492207389,0.6956609901610542,0.11532989745279669,0.8663626729560063,0.005970606801739199,-0.2046490582816909,0.45552039878325423,-4.527097807792018,-1.496729744008903,-0.4170771048195943,6.8999988397663845,6.899977655085792,6.600534236745692,6.899997469470072
5.9090834202225535,-2.465227224922693,-8.791428980639477,-1.2873363567380538,-14.751379736985852,0.8563494419409844,-0.27102856160501393,0.8623382351563844,-0.04492495199320255,-0.25816480767813604,0.43324986895858164,-4.341777650745065,-1.6411349940936482,-0.42351879026113115,6.8999989779266135,6.899901577923211,5.59358602492141,6.899997847413697
5.941432438781022,-2.9424198817974596,-8.763726916649595,-1.2961038647072884,-14.214583748071382,0.9704540388337698,-0.5844626157568144,0.8528781874378824,-0.09195378805856089,-0.3109061680956641,0.40924400166266456,-3.467700879991467,-2.478078156820706,-0.45162040191563496,6.899999078523873,5.649407040811311,6.486095305209569,6.899998174326353
5.9737814573394905,-3.4022477152647217,-8.732333680937222,-1.3150106567111333,-13.601753168129557,1.0446474818953189,-0.830381603351062,0.8362414249324363,-0.12082605886408934,-0.36783368818937867,0.38832939708487046,-2.3616841045032695,-1.8532587391271067,-0.4336215019783954,6.899999162650043,5.77856072863949,6.895275387744739,6.899998445104788
6.006130475897959,-3.842251080928243,-8.698540360158333,-1.3418726866085522,-12.911797629687745,1.1069899100094447,-1.0178510789249686,0.8223345146526482,-0.13838304518768554,-0.4080909184557589,0.37158832214086807,-1.614878543932982,-1.0538113784308218,-0.40959864296531884,6.899999236995008,6.591430021228287,6.884432088212767,6.89999865982801
6.0384794944564275,-4.259935062074193,-8.662730323015396,-1.3747991700504563,-12.165023938798571,1.1628158315468862,-1.164316497321953,0.8138123172192023,-0.1507483984666124,-0.4325103430507722,0.35765798745139227,-1.406411159074986,-0.8313479297268982,-0.4032955663953528,6.899999302737943,6.637585572680595,6.790355991830239,6.8999988312323115
6.070828513014896,-4.653461647234608,-8.625114372100604,-1.4124636660302485,-11.399401822484958,1.2078547707205745,-1.2717748322441362,0.80660159566229,-0.16157056042685822,-0.4524051960672638,0.3444101603349422,-1.1619420956552449,-0.7081641806560605,-0.4000091644105104,6.899999361070717,6.730526092701353,6.8037604590018965,6.899998970569021
6.1031775315733645,-5.0222211083456045,-8.586041455706635,-1.4536043336807098,-10.61769521896708,1.2415951881907366,-1.3480684027193195,0.8004008529071891,-0.16981304112991866,-0.4690389191154716,0.3324522493282584,-0.9887672572314202,-0.6428731443882264,-0.3984337479945712,6.899999412779509,6.7289068251339055,6.668622608910133,6.89999908518733
6.135526550131833,-5.365693128032132,-8.54587706992175,-1.497213023458361,-9.830854230828898,1.2655150147968661,-1.3943996348437793,0.7947893039366473,-0.1760984201501186,-0.4836747825864248,0.3214934112355664,-0.7208683497704672,-0.6714973723450264,-0.39973059496925195,6.899999458721633,6.769489751987395,6.872776934688928,6.899999180429073
6.1678755686903015,-5.683711613990809,-8.504938901222065,-1.5423204831238442,-9.032617730857865,1.2817269400238775,-1.4195194780507745,0.7894446726236091,-0.17872003696770475,-0.4971206722937171,0.3125816604198187,-0.6213115940798093,-0.5912973278487003,-0.397508677027546,6.899999499570778,6.799206707991563,6.899739311776161,6.89999925819322
6.20022458724877,-5.975907932597878,-8.463476292652343,-1.5882405450634163,-8.230509034257649,1.2951203246242473,-1.4240156603362344,0.7848122150653689,-0.18044664268295207,-0.5089017335149977,0.3041838619225438,-0.5595700479505953,-0.5143195888542496,-0.39534601506148503,6.899999535972525,6.813412527484774,6.899933276707394,6.89999932068222
6.2325736058072385,-6.242156822092719,-8.421580421235623,-1.6343060540871825,-7.427536362999269,1.3059350759124613,-1.4100780305494405,0.7808157015682567,-0.18174769906135346,-0.5192875996395491,0.2960320978053174,-0.5066841051754258,-0.4477902540553378,-0.39348477691350764,6.899999568543089,6.827109367753277,6.899972759170142,6.899999370207568
6.264922624365707,-6.482430333743079,-8.379334703228775,-1.6799206944663148,-6.62513353566792,1.3138650179663132,-1.3799241196909136,0.7773869580871887,-0.18268308071874492,-0.5284833820473203,0.28810019839446477,-0.4623465236811133,-0.39133983748487866,-0.3919173368113374,6.8999995978078745,6.838339327653876,6.899986071784997,6.899999408792957
6.2972716429241755,-6.696746901440731,-8.33683245937926,-1.7245598854234743,-5.824505192520973,1.3186658872100796,-1.3354994575975168,0.7744492149852107,-0.18331038729620625,-0.5366800119525856,0.28035741489879157,-0.4249859334313666,-0.3431743954177732,-0.39059119011691473,6.899999624210838,6.847496669932572,6.899991845302855,6.899999438085998
6.329620661482644,-6.885163928007486,-8.294174912121482,-1.7677619821621209,-5.026612324719579,1.320142731897156,-1.2784931845220173,0.7719358721835319,-0.1836763553572261,-0.5440318853125016,0.2727770398738473,-0.3932879058170528,-0.3017808971513317,-0.3894619127983283,6.899999648126629,6.854718344815327,6.899994769289766,6.8999994593739045
6.3619696800411125,-7.047769903386065,-8.251469590387513,-1.8091199819150987,-4.232232123188807,1.3181393866235918,-1.2103737572074793,0.769790259323682,-0.18381875004110884,-0.5506634424441539,0.26533638450029934,-0.36601351580344754,-0.26575597332883477,-0.38848792600825693,6.8999996698721455,6.8572795616866875,6.899996415888009,6.89999947363487
6.394318698599581,-7.184678458882844,-8.208829074906978,-1.8482743850496868,-3.442075811738813,1.3125299688042606,-1.1323978404818682,0.7679665797677437,-0.1837667403976557,-0.5566723365906995,0.25801749390213197,-0.34003556451479033,-0.2318426431690795,-0.3875690011039957,6.899999689717433,6.771080888052843,6.899997417393044,6.899999481614387
6.4266677171580495,-7.296026233196438,-8.166370018587582,-1.8849063438070044,-2.659034460130655,1.3032037214639296,-1.044922832384005,0.7664537950784513,-0.18352563064889815,-0.5620997265822794,0.2508202947956136,-0.2544733959856269,-0.13911339792731,-0.38479574065267597,6.899999707877167,6.59359503753109,6.899998063424049,6.899999483893583
6.459016735716518,-7.38204338829481,-8.12421265721648,-1.9187085719039618,-1.8860125476739282,1.2901170583877828,-0.9483338053267594,0.7659714447566405,-0.1826119839790085,-0.5659817422742222,0.24414191884436742,-0.04594112524891415,0.07431619902241597,-0.3782043737523234,6.899999724127291,6.899709428237024,6.8999985003183095,6.899999480855023
6.4913657542749865,-7.443054043201018,-8.082478636552098,-1.9493862397721002,-1.110726899060072,1.2735835167030314,-0.8498873798849582,0.7679944220686187,-0.1800088127850076,-0.5663483636879812,0.23881148619627582,-0.044832019168424414,0.0750768033788678,-0.3781981604388683,6.899999737172192,6.899959560402945,6.899998805567011,6.899999472915392
6.523714772833455,-7.478984968272102,-8.041279459734513,-1.976879262396607,-0.3437575510563029,1.2547873770059879,-0.7541794887517917,0.7699972990875746,-0.17738776385982796,-0.5666789107215379,0.2334796624424054,-0.04388547577334162,0.07565240591751221,-0.3781973218777967,6.899999746039612,6.899987329969561,6.89999902568673,6.899999460470507
6.5560637913919235,-7.490105187670837,-8.000688319588814,-2.001276228674655,0.4149430350042125,1.2337819050882974,-0.6612433868714048,0.771977811641778,-0.17475011546312325,-0.5669763741867522,0.2281456696774464,-0.04295110202785679,0.07619753640235886,-0.37819707642158085,6.8999998113862855,6.899971125576691,6.89999931396868,6.899999526560904
6.597938915169428,-7.472729396719422,-7.949023549598794,-2.0289658773469523,1.3864309905349688,1.203800463927696,-0.5445633149115789,0.7745062059223947,-0.17131305535939348,-0.5673149632884184,0.22123676566143463,-0.04171868727083094,0.07690304804256445,-0.3781962993921526,6.899999799776583,6.899831709316214,6.89999935927829,6.899999426471821
6.639814038946933,-7.414672427381802,-7.898614256168403,-2.0517695335635637,2.3442348382656926,1.1703021620066063,-0.4326285050112887,0.7769962373358802,-0.16784797192226839,-0.5675989269929008,0.21432536845678304,-0.04035139703111036,0.07771300359117018,-0.37819164124621646,6.899999785049304,6.787730651655916,6.899999394836894,6.899999285759451
6.681689162724438,-7.316507303365887,-7.849607708277295,-2.069885905760589,3.2845148688361228,1.1334836772671801,-0.32425082642597386,0.7794493519076799,-0.1643532479000378,-0.567826068642442,0.20741329148745846,0.06060852393540379,0.1780814292411743,-0.3750653122510826,6.899999767855384,6.810986644886548,6.899999418916943,6.8999990825466995
6.723564286501943,-7.178967836684319,-7.802142938991951,-2.0834639492521356,4.212225214227756,1.093395938290277,-0.22099874717472703,0.7833736828801524,-0.15967221681163402,-0.5659254337389359,0.20139230272495243,0.14247600383899933,0.25620066468670016,-0.37258659641619785,6.899999748208846,6.850813994248341,6.899999430476414,6.899998778757515
6.7654394102794475,-7.0025803844598045,-7.756356848738223,-2.0927182991447517,5.126247354156841,1.0516665363057596,-0.12874340256030223,0.7884179799722312,-0.1539932450374854,-0.562340382358195,0.19610319657980163,0.190164672554463,0.29767029407804907,-0.37121695866944204,6.899999725577901,6.836500204288896,6.899999428498005,6.899998303766721
6.807314534056952,-6.78791814199038,-7.71231818235776,-2.0981094450625024,6.023247296019816,1.0099098235716075,-0.05122395041642155,0.7940143892930059,-0.14769708113374222,-0.5578105642964084,0.1912435519954419,0.2511978608183528,0.351122204982693,-0.369448738076665,6.899999699244118,6.813781803859092,6.899999411240193,6.899997515424754
6.849189657834457,-6.535693915927029,-7.670028083491581,-2.1002544543265635,6.902097368340435,0.9693008377138087,0.009456828454351635,0.8003147207322412,-0.14060212640827677,-0.5520708337683843,0.18693631089568347,0.3332161194950847,0.42382551173479505,-0.3670479008570996,6.899999668249561,6.779060392047024,6.8999993754561695,6.89999609907289
6.891064781611962,-6.246667734303381,-7.6294384909346755,-2.0998584484644964,7.761193028262505,0.931346863219642,0.05067141900096042,0.8075559992544511,-0.132422333679679,-0.5446944924322416,0.18337269023832536,0.44715850847838506,0.5261378582530578,-0.3636802175394538,6.899999631288414,6.7266770956051705,6.899999315255135,6.899993259765707
6.932939905389467,-5.92166681558378,-7.590438225757563,-2.0977365765218505,8.598150553078442,0.8980608719679425,0.06896662782513559,0.8160835395722267,-0.12271770650960055,-0.5350185325312815,0.18084023555801387,0.6091291290034687,0.6732967566494349,-0.35885389851515404,6.899999586544626,6.681549450275372,6.899999219885671,6.899986567933368
6.9748150291669715,-5.5616181969159975,-7.552831815584172,-2.094848590445157,9.410468015602715,0.8722078462880299,0.05919014225745111,0.8263770200474708,-0.11081595399354799,-0.5220206608997581,0.17976449780778128,0.8132860169879935,0.8582050425081982,-0.35277109963470277,6.899999531434799,6.322760149601628,6.899999069018056,6.899965709288085
7.016690152944476,-5.167553683958383,-7.51630800406115,-2.09236999591172,10.18322452789873,0.8576742551801051,0.019318180737826634,0.8386920124306908,-0.09608656727619683,-0.5047607489195796,0.18049838288625517,1.3386990034252948,1.358985472899922,-0.3366976939307549,6.899999462320836,2.9175517301950715,6.89999882046465,6.899824729956783
7.058565276721981,-4.7411298963984985,-7.480392788464704,-2.091561044702169,10.811097383277549,0.8567725560129253,-0.004690451986757852,0.856316052704185,-0.07409537080422317,-0.47612346878732387,0.1858470779371307,4.8953353460374665,4.877895758244092,-0.22580352557522257,6.899999373887197,6.899551852170106,6.899998360603796,5.58523744348706
7.100440400499486,-4.288413855303092,-7.444515331632495,-2.091757457959689,11.476786314196078,0.88570999570571,-0.14008593902387353,0.9039921802544555,-0.0030243294264679756,-0.36615137414086146,0.22073097355376528,3.773946692521956,5.999914582877888,-0.262403211025276,6.899999190024726,6.8999890788196145,6.89999734827884,6.853249697150177
7.142315524276991,-3.807822007828156,-7.407426115931346,-2.097623573995803,11.97656701092342,1.0228364844773787,-0.502908014580716,0.9411194317409891,0.042226176627840235,-0.2326125332215051,0.2416662462901101,3.7983575409063235,5.999981004957548,-0.26370481187843503,6.899998765656586,6.899996329365894,6.899994217702385,6.852767336950622
7.1841906480544955,-3.306301781816155,-7.364594711539709,-2.11868290935507,12.203449682840276,1.1900293763064271,-1.016441514471988,0.9577744778213912,0.08703875486255766,-0.0938983485270956,0.25744009969469733,3.822663626305094,5.999991052884256,-0.26502012226080035,6.899997647390692,6.899998025310143,6.899973771951597,6.852212641131145
7.226065771832,-2.7952808158346634,-7.314762084108012,-2.16124652358618,12.128835913966578,1.3739775088873845,-1.592039636588252,0.9534982071646649,0.1304353917227256,0.04699084914626802,0.26761845530153344,3.8468232177141704,5.999994226429289,-0.26635146467250576,6.8999940996132425,6.899998631879966,4.695305456245461,4.646999263746236
7.267940895609505,-2.287384310660264,-7.257226605855845,-2.2279133804270073,11.778758575505021,1.5237158658244712,-1.98156004704879,0.9282883964686537,0.17145027100779983,0.1869831591912989,0.2718873953206361,3.870829473162883,5.999995312938839,-0.3904845124392049,6.899989734327175,6.899998869262034,6.8999834655313474,6.89988215145104
7.30981601938701,-1.7941473373656414,-7.193420815372696,-2.310891452669733,11.126820711838143,1.6991260310597587,-2.418162540132853,0.8832808018595035,0.20867346941204,0.3234316119951467,0.2676983387986851,3.968840807801708,5.936782990162763,-0.3904879372419958,6.268779325894974,6.899999152563403,6.899700441339571,6.899995784801709
7.351691143164515,-1.3282103428073115,-7.122269702508485,-2.412152308351921,10.264633842414417,1.846333809092677,-2.6524345438625865,0.8187969707284612,0.24343831564640608,0.4521351965471828,0.25667697841575315,3.505463783641545,5.310907162733517,-0.37291879765483876,3.157097045032676,6.899999308849653,6.173753182396563,6.89999795461117
7.3935662669420195,-0.8983775301254391,-7.0449542457181344,-2.5232233331878944,9.369983221326942,1.941814875198139,-2.5846226409065123,0.746042243590704,0.2690766019275988,0.5589667232753438,0.24202263395765986,0.9086855199366605,1.2861977874034853,-0.2889141406839585,6.747822793284032,6.899999426736338,6.8996873077318455,6.899998687031201
7.435441390719524,-0.5060083229392295,-6.963640507466207,-2.631454726193995,8.259709186688664,2.030949673426723,-2.3523992861219774,0.7269256899967957,0.2732181613474373,0.5849612598783805,0.2339897476014654,0.7893436029508724,1.1397482799928202,-0.2846851966314563,6.5152492054983275,6.89999951221292,6.898910510791803,6.899999046753552
7.477316514497029,-0.16013197838044724,-6.878594238505574,-2.729961737474466,7.160541979829493,2.1123689101101237,-2.0598961322799756,0.7095342367106657,0.2760402833825002,0.6075372757693499,0.22640977777107904,0.4621219332810638,0.7875955614393725,-0.27400140960236263,6.749368516503099,6.899999579658756,6.891477737111228,6.89999926249546
7.519191638274534,0.1397166033389353,-6.790138528930957,-2.8162201429824925,6.060264790911629,2.188692197360905,-1.717709872841907,0.6980047058507904,0.27563165370831666,0.6228879396446088,0.22096885922349993,0.34492199427516645,0.6409171241138789,-0.27004410903455667,6.789571538295864,6.899999633695095,6.86888517514711,6.899999405535862
7.561066762052039,0.3934909415828223,-6.698486772255612,-2.888149456521588,4.970397471062699,2.2584651446429262,-1.3446001814439514,0.6888138444543188,0.2741492257058863,0.6353249509407906,0.21619411758375737,0.2817146248378786,0.5112838721051505,-0.26783547192826523,6.826500820060638,6.899999677800019,6.73184903382837,6.899999507240604
7.6029418858295434,0.6016269509069682,-6.603913264776516,-2.9444547555508076,3.89664941888374,2.321722419786132,-0.9482933238437052,0.6815463768419948,0.27231036123363095,0.6454529540628163,0.21149961577421741,0.3715285551536728,0.29346582665069737,-0.2704712409285785,6.66560311604976,6.8999997143255065,6.899117669508042,6.8999995829418
7.644817009607048,0.764799627640267,-6.506690851070963,-2.984164655864143,2.8358591653187455,2.380579984878336,-0.5349842098419262,0.6766157740883628,0.272639520918273,0.6527854792987344,0.20427898547423992,0.16741997055806918,0.08025868744313955,-0.26396857478534985,6.527017592166815,6.899999745102296,6.8999446072899335,6.899999638478183
7.686692133384553,0.883551581203562,-6.407003769541931,-3.0065671858702827,1.7944040541563344,2.4434017363768317,-0.10930977089603107,0.6756767145198701,0.27105399144587206,0.6561304129521246,0.19870478700139402,-0.16296609329545259,-0.25296291515437497,-0.2535836950838644,6.899946630645694,6.899999769739024,6.899985330981403,6.899999678099718
7.728567257162058,0.958692473078216,-6.30468601939298,-3.011144546056644,0.7532163977732409,2.5112210218193183,0.3162465651102794,0.6811086179230281,0.2663082179793441,0.6532907044734011,0.19591385626649258,-0.16568672732307357,-0.251292351253449,-0.25358261994914383,6.899991533518436,6.899999784778481,6.899994256724605,6.899999704246819
7.770442380939563,0.9902335029662176,-6.199528328271625,-2.997901681998439,-0.27430415220533894,2.5804320929835334,0.7217143976843801,0.6864865943505937,0.26149872964106785,0.650419299699741,0.19315616674571032,-0.1683576420222419,-0.2495451251406805,-0.25358254635869965,6.899971677820784,6.899999773228583,6.899987192387771,6.899999688610139
7.812323233822852,0.9787454111224265,-6.091457631410055,-2.967675667485273,-1.2882899146824542,2.650730730338132,1.1073235327365578,0.6918095077660285,0.25662536217969106,0.6475176375925912,0.19043092568656345,-0.17102173320346928,-0.2477931870363531,-0.25358211662279545,6.899699958910968,6.8999997556575705,6.899959538248359,6.899999664601812
7.854204086706141,0.9247907307345815,-5.98044276765954,-2.9213000135165332,-2.288584211788825,2.7217921711123396,1.4732047059119422,0.6970759817577656,0.25168898747874924,0.6445867387310581,0.18773828989056032,-0.17388405336182167,-0.246278892861923,-0.2535748896750908,6.575074423310356,6.899999732487343,6.89970808930769,6.899999631083931
7.89608493958943,0.8289428720496309,-5.866451790162286,-2.85960094396127,-3.263235009433701,2.7919925348478585,1.820063836905823,0.7022896751105332,0.2466878638000268,0.6416228240591577,0.18507960917911073,-0.4649129396565437,-0.5333637041671916,-0.2445335958528286,6.748951938159348,6.899999705076709,6.716999848697315,6.899999586919929
7.93796579247272,0.6922758066959347,-5.749520761559072,-2.7833751181696256,-4.224032852296014,2.862307407942031,2.147745814751818,0.7127176543828281,0.2386030350573557,0.6331626146952207,0.18495199416494956,-0.4419882686356289,-0.8253792429540437,-0.24542348934781724,6.7137713159576515,6.8999996726209325,6.770320406856985,6.899999531766999
7.979846645356009,0.5153697082347433,-5.629644886100294,-2.6934256916713064,-5.170844527150245,2.9296524469850698,2.4391322567503715,0.7266707523582653,0.2319015804077922,0.6202312033737928,0.18298778383652545,-0.5007118336467778,-1.101496999266395,-0.2438485577064589,6.6619627383498,6.899999633822168,6.770952598638227,6.899999462520565
8.021727498239299,0.29881032931079843,-5.506948542968941,-2.5912727524634596,-6.098237071493104,3.0012593377395542,2.685213796564557,0.7440942943484301,0.22526080197198897,0.6025342314344495,0.18037115113879948,-0.6087906585003003,-1.4225105790777517,-0.24081311125484675,6.570116751619685,6.899999586994541,6.558280625376616,6.899999373714959
8.06360835112259,0.04341095967217033,-5.381253242180469,-2.4788137084893607,-6.993016123445848,3.079811897141601,2.877267244391331,0.765412431102408,0.21799214378330362,0.5788945129006995,0.17749472808080166,-0.6126219846236775,-2.0130396614838446,-0.2411427623910356,5.3500512128255915,6.89999952989003,6.672373854105368,6.899999257390376
8.10548920400588,-0.24946251980433878,-5.252268093208073,-2.358311302321099,-7.820526547951663,3.1638474121568576,3.010903176251291,0.792728632648898,0.21252297628780184,0.5449174950558733,0.17169805797020174,-1.8077396531657959,-3.5860972105498865,-0.2043150699778458,6.027216045086255,6.899999460602966,5.721329400791236,6.89999910030298
8.14737005688917,-0.5769928416289665,-5.119763465194352,-2.2322121093506886,-8.599230348305138,3.2677093853539856,3.06452493656908,0.839457696079533,0.19239564311602822,0.478105674133964,0.17236489597387247,-1.566667840706609,-5.393195026150595,-0.21283425772244177,6.899977894759134,6.899999355088,6.899323584129311,6.899998888997302
8.18925090977246,-0.937135942755853,-4.982909009160995,-2.1038671913250644,-9.362780870066425,3.3920526994243843,2.9322651327259446,0.8943605792752914,0.18094236556214696,0.3759092598101681,0.1614659189188426,-1.614160163446882,-5.3798492750316464,-0.2128524937563862,6.8999943436149245,6.899999155259161,6.899972865130515,6.899998529995049
8.23113176265575,-1.3292571909535857,-4.840846949084036,-1.981061426686568,-9.963483265821992,3.5616838337842953,2.611902738026978,0.9370761748977117,0.16608008467031127,0.26864812721684506,0.14877443213814273,-1.6621000018480185,-5.365487010839948,-0.21285310936273966,6.899997465180815,6.8999987405339605,6.8999919479314205,6.899997823529364
8.27301261553904,-1.7465363678145962,-4.691680592424524,-1.8716727123697976,-10.362604808970977,3.7587892915676555,2.146310340945168,0.9670277874946043,0.14796179928833553,0.15783489292562614,0.134360376376174,-1.709926386566381,-5.3506766237356755,-0.21285328856164942,6.8999985063333344,6.899997743435446,6.899996200093385,6.899996185805824
8.31489346842233,-2.1805310953067805,-4.534259291085093,-1.781783404738789,-10.534483187883374,3.9643460170779514,1.5857632410271767,0.9838168385776213,0.12681125888360364,0.04502150395334783,0.11830636894683012,-1.757624206589895,-5.335432833367197,-0.21285339617338117,6.899998955460778,6.899994568750716,6.899997736432699,6.899991163083058
8.35677432130562,-2.621724235900013,-4.368229098765395,-1.7153702877336003,-10.467498541205977,4.159425606160235,0.9843497274188053,0.9872249993262665,0.1029081807294357,-0.06821472762673905,0.10071473566022318,-1.805188767992292,-5.319754787204261,-0.21285352497470536,6.899999179325363,6.899976902685913,6.899998450634946,6.899962840003444
8.39865517418891,-3.0601120023603094,-4.19402880687481,-1.674144881613866,-10.163946938392456,4.326338418459912,0.3964618561612449,0.9772170136356106,0.07658429571452854,-0.18029304586343764,0.08170784248992397,-1.852623500043881,-5.303611026484083,-0.21285393692578772,6.89999931231944,5.634914713718029,6.899998845655046,6.102364402080353
8.4405360270722,-3.4857867688006867,-4.012838064047966,-1.6575407209421398,-9.664973605239151,4.435868820351136,-0.055735808920215985,0.9539412673328216,0.04821851863626359,-0.28965086748505886,0.06142807098694223,-1.4846072006536366,-3.4545204078149805,-0.19983511748957636,6.899999412134708,5.500643018209222,6.899999106068315,6.481765537984139
8.48241687995549,-3.8905641064825813,-3.8270600945732665,-1.659874984155869,-8.981535759787446,4.494318699109735,-0.41236201204540107,0.9318521134839267,0.024142903261531495,-0.359251075698199,0.04480427917343281,-0.6418629378913815,-1.8272992442991831,-0.17251011115346465,6.899999495477724,6.585745790976739,6.899999287285835,6.867508432425352
8.52429773283878,-4.266718484304265,-3.638834194325237,-1.6771450569169746,-8.163377982569752,4.507361555935224,-0.720288049379259,0.9178314229848623,0.014618056274439744,-0.3950954823260683,0.03565601315119557,-0.4047392005166989,-1.514604620944412,-0.16466281122726506,6.899999563691594,6.662952864338323,6.89999941713633,6.6449012202750835
8.56617858572207,-4.60860771662293,-3.450062048109309,-1.7073113347466249,-7.307198967225039,4.497275310073525,-0.967440740421829,0.9050542653737459,0.00932719221654051,-0.42422657911097894,0.028663387675671656,-0.4312216844415885,-1.0745786114176483,-0.16516556744550548,6.899999619876557,6.715685407592424,6.899999514065539,6.783549722345271
8.60805943860536,-4.914639441558215,-3.2617123224724827,-1.7478285780695308,-6.417319474168854,4.473573272586423,-1.1695971672289156,0.8954231035346868,0.003265836968379202,-0.4446854498821811,0.021486056604435772,-0.37836225290356046,-0.8043888550132794,-0.1632754971630285,6.89999966636471,6.771994116347195,6.899999585715508,6.899906463699452
8.649940291488651,-5.183402254360952,-3.0743552583806766,-1.7968123049629539,-5.507705823684185,4.433853330675059,-1.338788114314676,0.8878730491423553,-0.001945989718403764,-0.45984489660721745,0.014843611251930688,-0.27022189671086944,-0.6879952440375974,-0.15971304240524808,6.89999970518094,6.809019926809896,6.8999996371791665,6.899979865114784
8.691821144371941,-5.414069671687106,-2.8886616993325953,-1.85288189302046,-4.590401742567466,4.379632779146419,-1.4803644301826013,0.8811762590355848,-0.005217636907262665,-0.4726676485904938,0.00929896516338586,-0.19401251050279053,-0.6053412894607201,-0.15717974023586181,6.899999737951162,6.783437342548225,6.899999672995873,6.899992498351345
8.733701997255231,-5.606319611742771,-2.7052389432263366,-1.9148808179345895,-3.6710363933220536,4.315320230108034,-1.5968895138562704,0.87511181688257,-0.007123308146417818,-0.4838469985399297,0.004544055177529836,-0.09444655299668404,-0.5005005802159113,-0.1539335915383953,6.899999765923971,6.682286997278193,6.8999996964890435,6.899996374946408
8.775582850138521,-5.7600657468606995,-2.5245096515249044,-1.9817599127352665,-2.7544954030959876,4.244087262001267,-1.6898291027684131,0.869987321630719,-0.007246337476321058,-0.4930201250879726,0.0008408651728991097,0.09574574711900088,-0.3064668313264817,-0.14787022028471328,6.899999789540335,6.899845578815467,6.89999970979285,6.899997959547538
8.817463703021811,-5.875426363605461,-2.3467636572811927,-2.0525313967862093,-1.8333399691962673,4.169949068540696,-1.7692678179162953,0.8668167271807132,-0.003969925656935137,-0.4986104010446198,-0.0008180103733823491,0.09398326921073905,-0.3069212181814192,-0.14786597858545902,6.899999807670776,6.899979464868454,6.899999713996388,6.899998732849042
8.859344555905102,-5.952208205140428,-2.1721226338108313,-2.1266298419795033,-0.9186728598258586,4.100982813988573,-1.8381893983948712,0.8635937594871915,-0.0007253391643899208,-0.5041815811731294,-0.0024951280967501458,0.09209978324307326,-0.3074842886075456,-0.14786544456632175,6.899999820003424,6.899993604820264,6.899999709275708,6.899999157933057
8.901225408788392,-5.990683008030672,-2.000369975901275,-2.2036147817453084,-0.010467461746483421,4.036985737437986,-1.8965548144922095,0.8603175242294562,0.002485191929153263,-0.509735233884824,-0.004191975848915186,0.09020064768718641,-0.3080486262190596,-0.1478652929917222,0,0,0,0
